user_item_id,score
4279,2.845807
4608,2.4946928
4578,3.6743977
4579,2.6802328
4558,4.16984
4559,2.7794447
4560,2.4752133
4479,2.5002487
4480,2.650684
4227,3.3873663
4470,2.5904138
4276,2.4782307
4450,2.4614265
4440,2.6354854
4441,3.844721
4275,12.633787
4407,2.6898909
4225,2.4335487
4395,2.4540942
4378,2.5291383
4379,2.582441
4364,2.581179
4366,3.036974
4222,2.4304292
4361,2.5038714
4356,2.6966162
4357,2.4893038
4358,3.699864
4218,2.6375597
4219,2.577656
4220,2.7417026
2478,2.4725523
199,2.6122205
621,2.8953397
5260,3.013175
5117,2.5576193
5118,2.7993488
154,3.1050413
155,2.3498569
1389,2.4415286
1390,2.4946961
1387,2.4366012
4158,2.669203
3578,2.670598
4755,2.48173
3899,2.5408437
498,3.051671
583,3.2367268
497,2.961495
581,2.4660277
582,2.5186362
496,2.6084259
4612,2.6852982
4751,2.8931117
4580,3.4575255
494,3.4418285
245,2.61646
495,2.5655138
4491,2.682048
493,3.3431385
383,2.4677963
4604,2.4539077
491,2.4815636
492,3.0189147
579,3.9817681
3750,4.229174
607,2.624646
1758,2.9476578
490,2.37373
4595,5.2693057
578,2.8239195
487,2.9305067
488,2.5003533
489,2.8077753
5136,2.3929973
4173,2.6287596
1200,2.7340424
177,2.4511085
3697,5.9364023
4588,2.6201148
4315,2.414393
577,3.153016
486,2.4975774
3628,2.5478919
3749,2.7169337
381,2.4896934
382,2.5332787
485,3.2269058
4188,3.1339648
3895,2.8687963
576,4.038951
483,2.4742188
484,2.7215068
482,2.6625826
175,2.4850974
575,2.7836332
574,2.43575
4575,3.5295508
481,3.0345645
4570,2.5489054
4235,2.8393898
571,3.139825
572,2.5760183
573,2.9255552
379,3.0563517
380,2.7358017
4372,3.409597
1762,3.5653853
4552,4.757096
1408,2.7746377
4812,4.6531196
570,2.4653242
480,3.1926563
4264,3.3276541
4894,3.0676796
479,2.4976497
478,2.5202882
568,2.6894956
569,2.731653
477,3.2700593
567,3.3150208
476,2.5376003
566,2.7320852
215,2.3560174
564,3.756085
473,2.555262
4537,2.95348
474,3.1750083
4499,2.3905034
4556,2.693348
563,3.7403798
257,2.5070796
472,2.3691382
562,2.4714832
5217,2.4997141
258,3.1154783
561,2.5696008
470,2.3622744
471,2.8055677
560,2.6720815
469,2.475819
4229,3.4218035
468,2.4763198
4344,2.9930089
377,2.8516054
378,2.6911075
465,2.5257611
466,3.0556655
467,3.1928527
558,2.4476082
4139,2.578478
559,2.6712356
376,3.3574343
4292,2.4111717
3887,2.5935168
556,2.8380604
557,2.7081826
4957,3.1399758
4492,3.108753
4092,3.076085
555,2.423366
464,2.5402718
188,4.786918
554,2.8001294
552,2.5655682
553,2.415105
4228,2.9314504
4077,2.5846555
463,2.5393355
550,2.470069
551,2.6242316
4037,3.2198963
462,3.170655
4914,2.4016087
4405,2.727717
460,2.4970195
461,2.5734882
549,2.4300408
4971,2.5830603
4969,2.6004984
548,4.3517194
547,2.4699607
261,2.804793
3617,2.7420452
4285,2.4760873
546,2.610173
4093,2.4969046
214,2.5518985
544,2.5032926
545,2.698104
1078,2.5686707
375,2.5193021
4583,2.5915504
4122,2.489316
5221,2.6580768
4980,2.4131334
542,2.5403855
955,3.9660063
1136,2.5622911
4258,2.6054523
4979,2.7625232
458,2.888661
459,2.5579123
209,2.530818
540,2.4798794
4584,3.2645788
457,2.620531
538,2.8854887
539,2.6346724
3577,2.5395198
5211,2.4595997
4108,4.495528
536,2.8815484
537,4.187633
456,3.0776625
305,2.514534
454,2.6361785
455,2.5471125
1207,2.5632818
535,2.812578
1103,4.554671
533,2.5567594
534,2.6774497
453,2.7446218
531,2.767209
1084,2.819081
451,2.7126591
452,3.52232
3890,2.5090842
449,2.555421
450,2.6300762
374,2.4901226
530,3.0441506
447,2.5383832
448,2.492297
529,2.6250255
4962,2.7257679
44,2.5055704
528,2.5464072
4377,2.6763206
526,3.170903
527,3.1793845
524,2.5281465
4375,2.4978466
3792,2.7190182
523,2.6216831
5205,2.79031
522,2.4992428
520,2.7070725
521,2.528138
4362,2.5882583
4284,2.5442626
445,2.491557
446,2.468047
444,2.6324704
3548,2.6228843
517,2.5596468
518,2.6017153
4274,2.4353392
3864,2.4935462
442,2.4901688
443,2.7436905
441,2.8465428
5210,2.6242347
2765,3.263891
3077,2.8364856
3886,2.504765
516,2.4414349
4747,3.0465236
4283,2.3695233
440,2.6587896
439,2.484751
2858,2.6759615
4750,2.6701717
438,3.1676033
3725,2.9375556
437,3.1628149
514,2.8230007
436,2.5762641
4328,2.42969
302,2.6498294
3619,2.459446
4327,2.4673393
513,2.4681222
3911,2.8295877
435,2.437752
512,2.851196
431,3.841741
2742,2.444483
432,2.5463867
433,2.4719954
434,2.6302853
2047,2.5572164
429,2.5286145
430,2.8412883
511,2.5260377
370,2.6839738
371,6.407084
426,2.6631916
427,3.3399868
428,5.3718033
3993,3.0575404
4223,2.883864
424,2.759029
425,2.627532
509,2.6637633
510,3.0678585
368,2.502492
369,2.4416845
505,3.2416003
506,3.1100824
507,2.879066
508,3.030374
421,2.6666303
422,3.0071306
423,2.5046077
3783,2.5656471
4574,2.555289
173,3.5133839
420,2.5409641
4968,2.963738
419,2.6585338
4322,2.8673544
3599,3.7123635
418,2.538494
504,2.546352
416,2.4715052
417,2.6795385
414,3.0893438
415,2.5932746
372,2.6175275
502,3.2454813
503,2.9722478
413,2.4754303
5216,2.611442
3893,3.2149785
411,2.8491943
412,3.091821
3892,2.5737643
2848,2.4543526
176,3.0752704
4901,2.5564163
4900,2.4879215
501,2.5781658
4668,2.4491973
4905,2.5857558
4877,3.1517236
4885,2.643132
4890,2.6524174
4892,2.5995712
410,2.5835483
4898,2.7635531
246,2.3749142
4895,3.8115819
4891,2.427687
4888,2.537998
4876,2.423464
367,3.1118267
4886,2.5578468
4904,2.5405893
4889,2.6603568
4872,3.1719034
366,2.4556797
408,2.5656195
409,2.9062681
4873,3.6270802
405,2.490576
406,2.5282671
407,2.4783015
4884,2.399464
499,3.2554505
500,2.8203151
403,5.1318326
404,2.471696
4897,2.505611
402,3.9772687
4874,2.4335008
4879,2.5727103
4130,2.5271087
401,2.7024066
4084,2.7080395
363,3.0326402
364,2.7261806
400,2.3660936
5013,3.1056333
4871,2.6774738
362,2.6246612
398,2.9506457
399,2.9231727
360,2.4611857
4273,2.7167256
361,5.0132904
396,2.5116208
397,2.8971157
4878,2.4218335
394,2.7792804
395,2.4955738
4123,2.748143
391,2.5788565
392,3.7484083
393,4.2104983
389,2.6675093
390,2.7685864
384,2.475308
385,2.7773118
386,2.8511338
387,2.4926174
388,2.4842622
700,2.7185764
701,2.615724
622,2.6534185
664,3.3257918
619,2.4442446
643,2.468036
875,2.862703
876,2.4846745
872,2.4521801
873,2.6960702
730,2.453455
940,3.2313569
934,2.589764
935,2.5418377
893,3.4205277
933,2.5171068
657,2.4538608
659,2.7624831
660,2.9624321
656,4.2168455
658,2.8917665
1708,2.4563584
3964,2.4447985
4438,2.7089498
1707,2.5070372
1731,5.0240273
1732,4.038466
2322,2.5332582
2323,2.6113374
2314,2.9918675
942,2.608854
1888,2.514574
2311,2.8227067
899,2.7706409
2306,2.6610007
2300,3.0455992
2301,3.4398293
2268,2.6129923
729,2.5146275
4198,2.5519097
2258,3.5182536
2120,2.5462358
2248,2.9057891
2242,2.538588
2245,3.4717557
2236,2.557474
2237,2.592107
2231,2.4405036
4202,2.5646918
2206,2.577791
2208,2.8223364
2189,2.5043573
900,3.2820542
2117,2.435691
2174,2.6038597
2165,2.5429988
2166,2.4678643
2115,2.7310483
1242,2.5222054
2136,2.539357
2137,2.8524804
2138,2.5581627
2128,2.4614363
2130,2.4254704
2837,2.6117902
2869,2.5182755
2760,2.4651127
2890,2.6721652
2891,2.8207135
5206,2.9685156
2991,2.9553976
2983,2.65444
2984,2.4290614
2985,2.508711
2974,2.583712
2975,2.783953
2952,2.5487356
2953,3.2819169
2933,2.590655
2934,2.4931912
2929,2.5789382
2930,2.4330647
2924,2.7226365
2925,2.9937692
2926,2.4651074
2917,2.4263537
2918,2.4809873
4572,3.8166554
4573,2.6233318
3045,3.0326343
3057,2.471373
3054,2.7355816
3055,2.416126
3056,2.4981196
3052,2.541957
3053,2.4736624
4094,2.38872
4097,2.8100624
156,2.5605702
4095,2.5082269
4096,2.4679246
3121,2.4245746
3122,2.4593613
3123,2.4912372
3124,2.5933375
3476,2.5103357
3479,3.358924
3159,2.426267
3160,2.6406689
3157,2.5208008
3158,2.5009997
3465,2.7804039
3466,2.5609093
3181,2.643245
3464,2.6685424
3170,2.793693
3171,2.5383158
3154,2.380043
3155,2.4331255
3193,2.5328555
3194,2.593245
3324,3.6677427
3616,2.4628682
3624,2.7528267
4330,2.9486377
3621,2.782862
1718,2.7600179
1719,2.615893
1720,2.6927872
1721,2.4236872
3669,2.689913
3670,2.7369444
3671,3.5705528
3675,2.7724073
4721,3.4110582
4121,4.263882
1099,2.7763448
1100,3.2102807
4236,2.6421752
1097,3.4787009
1098,3.2687237
1095,2.553242
1096,2.4693253
1093,2.51294
1094,2.5126376
1092,2.7502162
888,2.5448818
1089,5.5009236
1090,2.819905
1091,2.4505267
1087,2.4229503
1088,2.4376907
1083,2.8950307
3708,2.4824226
3711,2.8959541
3716,2.4610848
3718,2.4124663
3719,2.3650439
3721,3.6002154
3722,2.9388893
3736,3.1290438
3737,2.6803603
3738,2.561661
3739,3.7141733
3740,2.6989272
3741,3.1952157
3742,2.5029383
3731,3.6844442
3732,2.479221
3733,2.4815342
3734,2.720871
3735,2.726947
4449,2.525793
3751,2.417487
3753,2.5394127
846,2.916413
3762,2.8188272
1834,2.896887
3754,3.0059164
3755,2.7325833
3758,4.1975756
3759,2.7012284
3780,2.5900307
3781,2.4515562
3779,2.5169687
5021,2.4455194
3771,2.529814
3777,2.7154572
3774,2.9908705
2650,2.5658412
3785,7.1496162
3786,2.5257006
3787,2.65451
3788,3.330593
5133,2.6232975
3693,2.944017
3794,2.93033
1835,3.3734257
3835,2.6849692
2310,5.9370394
2964,2.4701033
905,2.6185539
3632,3.6924438
4467,4.602019
1853,2.5194244
1653,2.6175184
3824,2.7760425
1278,3.0489779
3804,2.431471
3823,2.6414998
3724,2.9518642
3822,2.5448925
3805,2.4587438
3806,2.7379913
3802,2.6027699
3803,2.5178435
3817,2.4690745
3818,2.8149126
3812,2.4312718
3813,2.469798
3842,2.3983812
3843,2.8555136
3844,2.677383
1516,3.2734003
1522,3.0636132
4155,2.7096953
1521,2.542982
5223,2.4198513
4706,2.685299
4772,2.537735
4151,2.551837
1515,2.5975838
1506,3.5451877
1517,2.6304922
3028,2.4887786
3024,2.922222
3025,2.9708076
3026,2.441974
3880,2.5573893
3881,3.0087028
3896,3.309191
3897,2.6640062
904,2.7133992
3081,2.5469174
3924,2.4559112
3918,2.5214505
3919,2.663483
3927,2.6262634
3928,2.5600355
3929,2.607026
3930,3.171677
3931,2.591318
3932,2.5727499
3933,2.6027157
3934,2.6697502
3935,3.509025
842,4.3339357
843,3.4407544
3720,2.6767132
4816,2.6794205
3012,2.504428
4065,2.6031728
612,2.4585366
878,2.5667248
4020,2.9948645
2259,2.7328353
4005,2.523849
3016,2.4056878
4001,2.5478764
4002,2.4846146
4003,2.5288162
4010,2.414957
4011,3.0076787
3468,3.0258431
1550,2.547506
4022,2.908322
4023,2.5865974
4024,2.5366833
4027,2.6354578
4056,2.4881392
4057,2.4734108
2106,2.4415898
4055,2.6608613
2922,2.4942205
4052,3.2378635
4042,3.490939
4043,2.6097744
2633,2.69181
4048,3.5815322
4046,2.3994076
4047,2.5888572
4083,2.4240458
2350,2.9529836
4098,2.9399016
4099,5.310939
4101,2.4314759
4102,2.4447596
5160,3.0654938
5161,3.0932899
5150,2.437289
4462,3.176132
5152,3.2905226
5158,4.026204
5151,2.4922872
5156,2.6419783
5157,2.5212624
5154,2.5045915
5155,2.917404
4124,2.8663704
3901,2.6986563
58,2.9128659
4127,2.716797
4177,2.4925225
4178,2.60278
4185,2.4725199
4186,2.834651
4194,2.4299483
3906,2.4923897
2385,3.003115
5101,2.637674
1253,4.65691
1450,2.4304156
1396,2.9065669
1397,2.4980376
1507,2.406629
347,2.646727
1503,2.8078012
1504,2.5128727
1500,2.7407744
1501,2.6366847
4175,2.5990357
1498,2.4837017
1499,2.4598725
1490,3.0542223
1491,2.5517626
1481,2.4907222
4181,2.6847746
1471,2.9087694
1472,2.4720535
1460,2.6129446
1461,2.5446877
1455,5.988161
1456,2.404548
1457,2.430382
1438,3.1094744
1440,2.9438527
1432,2.542128
1433,3.0397606
5120,3.0333967
1417,2.446818
1392,3.8737211
1415,2.679033
1391,2.515114
1414,3.4628758
1409,2.690549
1410,2.4865065
1399,2.5125353
1400,2.4841232
4231,2.593405
4232,3.7358797
4240,4.1928563
4241,2.4417207
1709,2.5236728
4255,2.658693
4263,2.9731574
4265,2.7393768
4267,2.5334349
4268,3.5613036
4271,2.4866314
4272,2.5802574
2294,2.4781818
2295,2.6144657
2296,2.6841307
2297,2.5093174
2866,2.5233636
2867,2.5233424
3983,2.6048534
1826,2.4913447
4303,2.8248506
4304,2.4897814
4305,2.5374022
4306,2.7377796
4309,2.6153963
4310,2.530767
4301,2.4698164
4302,2.6710842
4307,2.515544
4308,2.9361136
4311,2.9231398
4312,3.0818455
931,2.5617857
4317,2.969778
647,3.2492244
648,2.5811777
4741,2.594217
2265,2.6910436
2267,2.423377
4332,2.642328
4333,2.5412328
4752,2.7439313
4348,2.4584308
4239,2.452905
4347,2.4674017
3602,2.4684086
2682,2.5644975
4345,2.4103699
2920,2.642721
4341,2.8382726
3910,2.637682
4342,2.4776103
4334,2.54264
4335,2.475005
4349,2.5145683
4350,2.9760447
4352,2.4625576
4353,2.8742344
1567,2.4256787
2997,2.556341
4367,2.7413394
4368,2.6117275
4397,2.8483782
4398,2.3913639
4399,2.412681
4471,3.3646142
4472,3.5753644
3692,2.5913894
4313,3.8398385
4489,3.2410843
2309,3.1745837
4503,3.302494
4504,2.4244263
3652,3.08021
4502,2.412832
3702,2.9307811
3782,3.2944822
969,3.579273
4554,2.644379
4142,2.6119256
1425,2.4784698
4547,2.4771047
4548,2.787022
4488,2.5575845
4546,3.0276604
4501,2.6321921
4543,3.2731986
4487,3.0807228
4041,2.6723063
4542,2.6399891
4540,2.7033722
2371,2.4882295
4538,2.7163765
4539,2.548225
4534,2.4081
4535,2.4660523
4486,4.566059
4452,2.9290836
4485,2.4088883
4529,2.9405909
4528,2.4358003
3850,2.4518023
2639,2.5315864
4527,3.8926213
4524,2.6951382
4525,2.4253304
4526,2.8978221
4497,2.9778857
4498,2.5311723
4520,3.182053
4256,2.477997
4494,2.6137145
4495,2.735264
4493,2.5428112
4516,3.0216956
4512,2.635423
4513,2.9301026
4514,2.5997422
4585,2.5126503
4586,2.6451702
4601,2.6015494
4602,2.5180254
2329,3.1326847
2332,3.0585895
2333,2.5538423
2334,2.6057856
2362,2.4546585
2331,2.9816463
4634,2.4758036
4635,2.6096961
1489,2.6998878
1496,2.6128864
1492,2.7893295
1493,2.5542762
3727,2.5200846
1139,2.7863517
33,2.5310597
348,2.5290575
4727,2.4965975
4728,2.764423
4726,2.9698777
1850,2.4411788
4737,2.4403975
4738,2.6717308
4746,3.3120344
4561,2.440091
4754,2.6169465
4251,2.6151607
1336,2.5017307
2255,2.5443583
4451,2.5793967
3626,2.5130165
4775,2.8589113
3039,2.5747652
4770,2.975833
4771,2.6692798
906,2.5222025
4769,2.9468377
3625,2.954502
1923,2.5122998
1854,2.9431796
4789,2.6782627
4790,2.7097268
4810,2.8522303
4811,3.2290187
4852,2.7436323
4853,3.0426881
4854,3.1658983
4823,2.7017205
4851,2.7420368
4822,2.570613
4788,2.5524797
4821,2.7551486
4765,2.5042775
4463,2.847916
4850,2.5356615
4849,3.0950882
4846,2.6861286
4847,3.9899273
4843,4.1330795
4844,2.5144806
4820,2.5840905
4842,2.694421
4840,2.62262
4841,2.7285836
4288,2.8061137
4837,2.5211875
4835,2.5446758
4836,3.0094776
4824,2.4332156
4825,3.0020528
4826,2.5891395
4861,2.5859888
4862,2.5518706
4863,2.5755484
4632,2.6702814
4857,3.0819116
4858,2.4268036
4859,2.7321095
4860,2.7714386
4864,2.4967105
4865,2.5678065
4866,4.8058476
4867,2.8647876
1890,2.582906
1891,2.4513137
1889,2.514385
1712,2.5123305
4590,3.7787597
5062,2.7930226
36,3.0573757
37,2.5887873
4949,2.5710893
4950,2.5326183
2383,2.5217967
1483,2.7632594
2382,2.791581
2,2.88694
306,2.9787307
2384,2.4948113
734,3.023023
735,2.6198835
2348,3.591857
2349,2.4106212
3950,2.4958637
3951,3.1681914
3947,2.5731936
3948,2.906176
3946,2.5989068
2694,2.8542163
3941,2.5602503
3942,2.4934304
4955,3.218889
4956,2.4848583
4958,2.4796562
4959,4.301114
4960,3.0392551
4961,2.6550922
3840,2.9065952
359,2.968358
4965,2.5768914
4967,2.7258182
4970,3.7262518
2672,2.6919608
3509,2.5179887
3510,2.5237548
4972,2.625884
4973,2.440676
3729,2.8708699
4978,2.7460299
4994,2.683551
4995,2.5593934
5022,2.743116
5023,2.4291062
5028,3.0965257
166,2.4890814
3634,2.4656076
4748,2.463892
4985,6.2400203
4731,2.5933428
4732,3.7060814
4734,3.4814022
5052,2.668082
5054,4.911476
5055,2.6264558
5064,2.4883108
5081,2.9098995
5076,2.5373313
4845,2.6043565
5074,3.077341
5075,3.231412
5072,2.5007825
5073,3.3565319
5069,2.7193627
5070,2.5603557
4762,2.516201
63,2.7191162
3070,2.474148
5093,2.705965
5094,2.4480646
625,3.116699
3769,2.6831195
5092,2.513495
4403,2.491205
5090,2.7939827
5091,2.7803397
1980,2.5087662
4179,2.9823072
4161,2.4113305
2345,2.4508812
3075,2.6172116
3076,2.4636626
4597,2.506186
3773,2.495765
3071,2.8865223
3074,2.7893088
3073,2.507231
3633,2.4062104
1261,2.9591458
3072,2.5384476
1624,2.493285
1626,2.548601
1627,4.628204
3080,2.3869162
4394,2.4715014
3965,3.1867478
3726,2.5288022
1135,2.4975557
5195,2.449837
5017,2.6048677
5137,3.774793
5138,2.8628025
5141,2.588598
5142,2.5636466
930,2.49619
1817,2.645622
5165,2.5062952
5184,2.4947703
5183,2.488909
3614,2.7063751
1420,2.9014196
3913,2.9119594
4464,2.5652025
5181,2.556748
1282,2.9446373
4058,2.530805
5179,2.517304
3952,3.042809
1865,2.599045
5177,2.4734387
5176,2.7107303
5116,2.497374
4238,2.748184
1157,2.7138078
615,2.6477153
4248,2.557344
5174,2.4519248
3638,2.9148715
5172,2.8609397
5173,2.5473847
4049,2.4342382
3809,2.7664301
5169,3.4761062
5170,2.4781682
5167,2.6296856
5168,2.4433906
894,2.5721753
4815,2.4391055
204,3.1435406
5232,2.932482
5201,2.5123618
5202,2.8052528
5199,2.4167135
5200,2.5592465
5207,2.593054
5208,2.5580442
5214,2.5677254
5215,2.4829926
5212,2.9680827
5213,3.4577787
5230,2.5644414
1523,2.7259045
3685,2.830008
5229,2.5651138
4206,2.4298012
4323,3.5425208
3604,2.584515
5227,2.732627
5235,3.3529956
5265,3.2557325
5263,3.9629617
5264,2.582988
5262,2.4801743
4166,3.1063528
5112,3.1349864
5236,2.48012
5258,3.1654325
1536,4.5552187
4435,2.8427575
3627,2.5139809
2595,2.8739438
1258,2.4744365
2680,4.1295295
2987,2.434078
5255,2.597986
5256,2.5780506
4993,2.7424116
4062,2.5745885
5254,2.5111623
5253,2.5361848
3982,2.6839526
4421,2.4945488
3689,2.6487298
3648,2.4633896
5252,2.4079332
2107,2.9309406
592,2.422362
4730,2.5243852
3682,2.6702468
965,2.5306
5250,2.3715265
3830,2.495728
5248,3.4589827
4006,2.5409691
3772,2.4989061
4533,2.705211
5245,2.5309606
5246,2.8742595
5244,2.475479
4964,3.2329729
2152,2.676842
5240,2.507253
5056,3.477217
5238,2.6344447
3,2.5465155
339,2.4603393
4007,2.5093563
5,2.5174203
4,2.5218577
4659,2.5167902
7,2.5786133
4172,2.484523
30,3.1557202
31,3.7548385
3607,2.4353042
4723,2.7377336
5139,2.525111
4196,2.3886733
4839,2.899251
1566,2.540093
5131,3.2575643
5203,5.3650923
5149,2.9583774
1239,2.4909432
11,3.9217746
3611,2.659373
26,2.7250347
27,2.5499246
24,2.5211291
25,4.305058
2906,2.3863533
22,2.443978
10,2.4309068
3908,2.4538264
9,2.4139087
21,2.883876
3069,2.4088259
5097,2.8854933
2684,2.5871336
8,2.5168521
20,2.438258
3728,2.5906055
1250,2.4445093
17,3.521183
3905,2.9226623
13,3.1748698
14,2.8094206
15,2.477233
3086,3.7538946
1519,2.4863842
3085,2.6084347
3087,5.071242
3926,2.5923035
4113,2.5399618
45,2.5877807
46,3.078155
55,2.7972531
56,2.6039345
4814,4.0476046
1833,2.4616575
4793,2.9791794
3743,2.6908805
66,2.5593204
4633,3.062486
117,3.1364312
2320,2.8606715
3550,2.3853004
4444,2.6313531
114,3.1096814
71,2.6091917
72,2.997516
5191,2.9375603
113,2.4181108
87,2.4651735
88,2.9412425
2400,3.159927
4066,2.6760373
84,2.5754306
108,2.4687285
109,2.469459
110,2.9134665
106,2.4547758
2959,3.2911878
107,2.5601594
83,2.6507092
3848,2.4290736
81,2.4734383
4522,3.4881423
4777,2.54345
79,2.549858
105,2.5254111
103,2.5248032
3554,2.5775
4164,2.5363765
102,2.5144923
101,2.555997
4530,2.9998424
76,2.800958
77,2.5195146
3717,2.5123425
64,2.70394
100,2.5635455
2188,2.4639523
75,4.100443
2167,2.447329
4154,2.5099778
99,2.4699008
3811,2.4704876
4786,2.8022516
69,5.3097453
70,2.5018272
97,2.4942775
4336,2.7703853
93,2.5290477
94,2.8841157
4045,3.9910133
92,2.9695253
4636,3.266224
90,2.7611473
73,2.839603
3551,2.7304988
120,2.9220102
121,2.448431
4929,2.5692873
3091,2.4397228
3092,2.5954514
3090,3.3852816
346,3.9858675
826,2.6239448
4183,3.4399579
1545,2.9363594
918,2.5557115
1548,2.8445761
1549,2.8164103
1546,2.5316226
603,3.109522
171,3.189893
172,3.347058
170,2.840387
4631,2.6916337
3029,3.624336
1474,3.0928566
1619,2.6490965
1620,3.4480202
3799,2.6778634
5132,2.683501
1617,2.5566833
1618,2.449304
4216,5.0139127
4742,2.408102
3962,2.4670365
1616,2.5030537
3601,2.6006825
1615,3.358283
1613,3.1418784
1614,3.124955
1611,2.5433943
1612,3.0519276
218,2.5272362
219,2.5111847
220,3.0771544
221,2.4173124
2880,2.9773629
3084,3.2193007
2689,2.9802594
3083,2.416079
1526,2.8421257
3528,2.4494898
224,3.27278
2749,2.4845595
186,2.5494258
3695,3.7075677
3663,2.434906
3050,2.5905266
3674,2.6127372
3187,2.5013628
3183,2.5421689
4666,2.4595933
2916,2.481533
1646,2.8125553
3186,2.5319276
194,2.4060252
3868,2.414236
3185,2.4495466
3852,2.4845073
184,2.41346
2319,2.4876168
4794,2.8890116
3184,2.7414007
1366,2.5688663
227,2.4732707
228,3.1750195
231,2.6559901
232,2.5188897
233,3.8846412
234,3.4671047
3902,2.6250713
4396,2.4869983
271,2.4924333
277,2.611881
278,4.71241
3649,2.532375
1596,3.20689
275,2.665462
274,2.5522037
2266,2.793882
280,2.5938833
281,2.509684
283,2.9092193
284,2.6448836
282,2.609105
285,3.322145
286,2.4870474
287,2.9684553
817,3.0405107
54,2.571685
3698,3.1585164
2793,2.4338078
4080,2.4457796
4598,2.5084736
2723,2.4535744
2792,2.4365761
2291,2.5479841
2791,2.464814
2154,3.2061296
3973,2.7473
2048,3.0957632
2790,2.459565
251,2.4661791
3770,4.88253
4975,2.4979858
4931,2.4205532
4237,2.9691935
2789,2.3675263
5030,2.3722363
2795,4.5980496
5197,2.7731752
946,2.4181871
4296,2.4317229
4291,3.602149
2788,2.5784206
50,2.8541434
2802,2.4418962
2772,2.463834
2801,2.440584
42,2.7211735
3939,2.4503632
4551,2.4815798
4564,2.7328756
309,2.896215
3696,2.5507967
1080,2.4874477
2800,2.6199257
1079,2.4296553
2727,2.7531095
2787,2.3816712
4550,4.5579987
373,2.404479
2786,3.0121741
2798,5.4030104
2799,3.7011638
519,2.6976674
2794,2.4565947
4086,2.7882516
2797,2.394035
1148,2.5667593
2796,2.4623954
3891,2.5738301
4943,2.6416297
4906,4.08906
4902,2.472518
4887,2.5277443
4880,3.9164443
4324,2.3858652
211,2.9631975
307,3.5300663
308,2.971115
855,2.4835355
856,2.4973845
3990,3.2637365
850,2.4681032
853,2.7973795
851,3.2152958
754,2.4427524
852,3.48592
4988,3.1551015
345,2.7836642
356,6.2561674
357,2.5483398
5057,3.1752503
5058,2.615477
587,2.600258
588,2.6273088
1601,2.9708757
1603,2.565219
1604,3.329141
1605,2.4642951
1600,2.391978
1602,2.7067025
3654,2.5857294
3655,2.5099444
5130,2.5621557
3651,3.3643236
2393,2.4666915
3650,2.4651043
3642,2.3681147
5098,2.715742
3639,3.215759
3640,2.5804892
3629,3.2031944
3825,2.8252425
4787,3.0671182
600,2.4681258
594,2.5969114
597,2.562151
3898,2.8642027
202,3.3564131
595,2.6071937
596,2.5613506
604,2.372199
605,2.6410778
3641,2.4680274
608,4.2965107
610,2.5972364
611,2.4561415
2777,2.5180993
613,2.5400782
4078,2.8153925
1867,3.4226146
618,3.2789235
4152,2.9408615
5166,2.8559237
628,2.9345315
2886,3.150812
627,3.8467467
629,3.068131
4182,2.4269495
3673,2.474882
4244,2.6778991
4247,2.6401849
4195,2.5625079
640,2.5099766
641,4.053418
642,2.5281124
636,2.794147
2202,2.5796287
638,3.078594
639,2.4970381
646,2.4576738
4625,2.5724854
667,3.2063994
2951,2.6736085
3876,2.6911354
4061,2.659188
4799,2.423913
891,2.8715127
890,3.0115483
5053,2.8251996
4720,2.4895175
3730,3.9011655
4719,2.5332515
3870,3.2132502
4665,2.4318092
4716,2.545177
4506,2.4663432
4664,2.6703901
4710,2.4561214
4703,2.4563339
4704,2.5318723
4705,2.8833694
2256,2.6942523
4699,2.4529593
4693,2.5487583
4694,2.9752579
4695,4.0710278
4662,2.919014
4624,2.4355245
4594,4.246829
4691,2.5707464
4689,2.8243253
4013,2.5199287
4685,2.6721017
4686,2.978414
4681,2.9711072
4682,2.6641338
4661,3.3578398
4678,3.3103797
1416,2.5944207
4676,2.6166139
2161,3.061548
4672,2.6732135
4673,2.5542378
3079,2.5421748
4589,2.8103232
724,3.3732042
5175,2.5226185
698,2.439119
699,2.5752428
710,2.5041537
711,2.6741574
4171,3.250504
722,2.4983015
4148,2.6846354
3916,2.5605261
4954,3.9233348
161,3.499628
707,2.569879
708,2.5306334
709,3.9445891
704,2.5224385
705,3.0656705
706,2.4881423
702,3.0818067
703,2.6760952
718,2.937269
719,3.9255822
716,2.5129182
717,2.6630611
714,2.405802
715,3.4923604
696,2.6937852
201,3.1702332
693,2.5862036
4190,2.6966178
4191,2.6179028
694,2.6634886
713,2.4495416
712,2.5228887
3915,2.8987255
691,2.7161825
692,3.311091
4614,2.8933535
3912,2.4406686
689,3.1067076
690,3.3662527
687,2.5577216
688,2.6975398
1846,2.6481915
1848,2.7682362
1849,2.5179157
745,2.804896
1284,2.4978874
746,2.9271305
1866,2.611655
591,2.5627143
739,2.7204134
743,2.568223
2950,2.635631
5086,2.7142525
3808,2.4763756
1290,2.8241756
1291,2.7099407
1288,2.5310745
1289,2.5783374
3746,3.1512527
5148,3.264127
748,2.6470683
749,3.0036862
5102,2.878076
5114,2.469894
5115,2.8710957
5100,9.146888
5113,2.4061217
4627,2.561717
3647,3.3668933
1468,2.481499
5109,2.459204
5110,2.4857965
3917,3.2121482
4051,2.7311354
4040,2.7252164
5106,3.1106148
5105,2.547122
4776,2.5314856
5103,2.4016824
5104,5.8021445
5135,2.502617
771,2.5647895
770,2.4323738
4189,2.5794754
3847,2.473764
3760,4.449622
768,2.6318715
769,2.53389
766,2.5647902
767,2.8491752
765,2.5419202
4473,2.519372
760,3.1433382
3756,2.4389572
762,2.7583282
763,3.0825841
764,2.9739454
2860,2.4931602
1203,2.4160273
2862,2.4072
2859,3.539627
2861,2.5013676
4992,2.8535292
811,2.6389143
5147,2.545699
810,2.5228634
1283,2.5965567
807,3.0147836
210,2.670422
180,3.3002832
806,2.7191277
4400,2.538642
802,2.4893935
798,2.7088993
799,3.6043718
4784,3.3479283
794,2.5359743
792,2.6531858
793,2.5022275
790,2.4356806
791,3.3031974
968,2.7904234
1394,2.560217
140,3.6102102
3705,2.9802332
788,2.540066
782,2.553174
783,2.4433134
723,4.114774
91,3.40712
773,2.7811623
779,2.984902
5068,2.9682813
774,3.015891
776,2.4375746
777,2.520312
3855,2.554443
775,2.5553598
818,2.9050193
819,3.9914167
67,2.739902
816,3.562712
5209,2.7266037
65,4.4580574
4813,2.5322106
4630,2.5036507
686,2.4597564
820,2.4831705
902,2.4826078
903,2.4184446
262,2.5303016
838,3.1029124
837,2.556292
3116,2.9615757
3117,2.7820344
259,2.5366457
212,3.4064126
3668,2.6030805
3994,2.7687476
243,2.5381072
244,2.5514922
4294,4.253295
242,2.4403923
4091,2.7266347
4911,2.562791
3940,2.469357
256,2.9951756
4984,2.7036328
241,2.5756912
3748,2.8366675
4963,2.4265203
4090,3.0709386
4207,2.4141858
5145,2.6399765
255,3.8173378
240,5.4750233
254,2.6518345
239,2.4528892
2771,2.8315597
48,2.3981493
4224,2.4102688
238,2.5184412
4038,2.5418518
3791,2.808524
253,2.5435991
250,2.8111923
4910,2.5892732
248,2.7409086
249,2.4726255
3798,2.9398158
5027,2.4569814
848,3.3500047
849,2.770851
857,2.6342945
858,2.4763107
869,2.8119743
870,2.4134808
868,2.6674836
813,2.5585356
866,2.6073883
4744,2.5731823
2935,4.4646273
865,2.6098917
142,2.4703946
864,2.5155091
96,2.5120904
862,2.527614
863,2.5902603
859,3.1982794
3856,2.4620936
2875,2.513838
2876,2.6244738
2877,2.8169448
2878,2.6261446
886,2.9939275
887,3.8347821
883,2.5257754
884,2.613541
4989,2.5492988
882,2.6522064
880,2.7607725
881,3.1374705
2402,2.4218912
2403,2.8273575
4764,2.5308797
915,2.5331001
3061,2.4606116
3062,2.53568
3118,2.954995
5024,3.105707
929,2.9181938
4925,2.6137118
928,3.0017672
4565,2.5033288
43,2.8342984
18,2.4536157
923,3.326284
3767,2.5788867
2363,2.483281
118,2.696542
2364,2.5599117
3681,2.6873407
2998,3.110505
937,3.379085
941,2.3881242
3713,2.6869185
40,2.6436028
4387,2.491884
945,2.5963724
187,2.534246
948,2.6566885
949,3.5803578
952,2.4721625
4100,2.8665283
4212,3.114682
959,2.8317485
960,2.4706523
961,3.6248775
3765,2.7759957
3643,2.6800783
978,2.501641
4757,2.6212158
974,2.7703595
975,3.7436616
973,3.524478
936,2.5779934
1019,2.7181163
1066,2.5628068
1018,2.5023344
666,2.7888837
1296,2.5884242
1065,2.7021194
1017,2.6311953
2307,2.713279
5163,2.4329576
1015,2.7255344
1016,2.6884103
1013,2.574182
1014,3.0518978
4803,2.4267225
1063,3.9309688
982,3.1018457
983,2.476015
2318,2.4763272
1062,2.5275497
3956,2.511962
1011,2.4480443
4384,4.611828
839,2.5037227
1061,4.423687
4639,2.6418593
892,2.5048516
4176,2.9437149
980,2.4479187
4663,2.4183822
1009,2.7976725
1010,2.430756
3610,2.7767124
5146,2.733527
1008,2.9241161
1058,2.6169503
1006,2.8042135
1007,3.6242995
1005,2.4463582
1057,3.426662
1004,2.4063141
1055,2.6659448
5122,2.591831
5127,2.8341146
1003,5.0154285
1862,2.5394151
1002,3.2424686
1051,2.674703
1052,2.4744515
1053,3.0221183
1001,2.6130168
4217,2.5341108
998,2.5986476
999,2.4910798
1000,2.4993265
1047,3.326235
1048,2.966279
1049,2.6408784
997,2.40204
4781,2.5327225
1045,2.4652653
4468,2.5312567
1043,2.5095575
995,2.5470731
1042,2.708378
994,2.6994822
1041,2.5546496
1039,3.5485818
1040,2.7626977
1037,4.1359525
1038,2.9344351
1036,2.8956864
3954,2.6198149
992,2.7418263
993,2.882654
991,2.5496695
593,2.4510868
1035,2.6739473
3646,2.769287
1032,2.7776704
1033,2.471756
1034,4.7400484
1030,3.1647618
1031,2.89351
990,2.5491586
1029,3.0315259
979,2.769159
1028,2.4467416
3714,2.659055
822,3.0916286
1027,2.4067152
1025,2.5148268
1026,3.6648505
989,2.6222205
845,3.0578651
985,2.5216541
1023,3.111582
1020,5.3821073
1021,2.499614
4081,2.446795
1075,2.5813358
1072,2.576044
1073,2.4787867
1076,2.5010076
1077,3.6662505
1437,2.3859692
586,2.8626032
3768,4.385897
926,2.4803443
60,2.6796143
2769,2.4859493
1082,2.831667
4749,2.502535
1081,3.1165383
3694,2.480866
2865,2.6027453
4987,2.6914282
4374,3.384303
4035,2.6246386
1085,2.4879148
1086,2.5867157
4454,2.4689844
1117,2.5402167
2122,3.6517048
1114,2.597806
2342,2.5637558
4756,2.6139648
1112,2.456537
599,3.467822
1102,2.7417371
1111,3.2072418
1110,2.7735724
5065,2.4228015
1107,2.7464378
1108,2.497253
3857,2.4755065
1105,2.5859313
1104,2.707639
2661,2.5656319
3267,4.325517
3096,3.24718
5234,2.5053282
1124,2.7840374
4795,3.0195003
1123,2.6487167
3921,2.8097458
4286,2.7552564
1122,2.8267632
976,2.4604204
4802,2.5948071
1129,3.2194169
1130,2.4285998
1131,2.5398579
1132,2.6968718
299,2.59112
4168,2.6112344
5061,2.465881
1137,2.4740453
2778,2.9344246
1140,2.8848865
4031,2.7016695
1172,2.438234
1173,2.5845134
1171,2.3589818
1046,2.4949222
1169,2.542426
1170,2.5140138
3023,2.661366
4360,2.4768243
1168,2.3594134
1163,3.3290677
1164,3.0718856
1145,2.6141732
1146,3.014355
1152,2.5005558
1153,2.5952456
4806,2.4508526
972,2.5259562
2898,2.4205043
620,2.8999736
1155,3.6698143
1156,2.4574015
1184,2.4519367
1251,2.849498
29,2.9654472
4758,2.7364748
1181,3.2924695
4640,2.7707202
4281,2.6496277
3608,2.7433124
1154,2.5636787
3013,2.4891403
1197,2.4369543
958,2.567269
1196,3.1274278
4555,2.837048
1185,2.8462934
4082,2.5979545
3680,2.564965
1187,3.3349283
2127,2.9453776
4827,3.209216
2410,5.3391743
1969,3.058542
2411,2.5024037
4766,2.5626156
1686,2.9480653
1201,2.65322
580,3.7337961
3197,2.9218879
3198,2.437898
3199,2.8690712
1214,2.531699
1215,2.6879232
1877,2.6120741
4252,2.5203836
1211,4.876943
1212,2.7150826
3063,2.490288
908,2.5419614
1223,2.7340114
1221,3.0072193
1222,2.8721154
1209,2.5488482
1210,2.596787
1218,2.5183702
1219,2.944716
1443,2.750219
3984,2.531749
1217,2.9915159
1208,2.8368587
1216,2.80538
4180,2.9472768
1230,2.5094867
3872,2.5780513
1228,2.5673466
1229,2.4895537
4170,2.6165636
3156,2.5376534
1234,2.6862717
1236,2.6109684
4453,2.5678008
3971,3.560952
2419,3.1391683
2420,2.927727
1243,2.705575
1244,2.643143
1245,2.8223639
1246,2.6186056
1247,2.569956
3972,2.6713395
1256,3.0440073
1257,2.5942488
1259,2.5208836
1260,2.7833102
1273,2.579164
1274,2.713025
1275,2.4537165
1276,2.7717931
1277,4.2232647
1270,3.194416
1271,2.9368713
1272,2.4157114
1268,2.4733343
1269,2.6184175
1266,2.8082833
1267,3.002402
1263,2.8938313
1264,2.5138733
1265,2.468232
1279,2.392771
162,2.6078904
4203,2.513262
189,2.8799329
1887,2.674543
2864,2.836247
2610,3.1114197
2611,2.4368095
2614,2.903172
5004,2.6090403
2613,3.3198445
4385,2.6590462
2609,2.4434452
2612,3.0421705
1331,2.4296424
1332,2.5305963
1329,4.6547775
1330,3.3414376
1328,2.5226867
1365,3.1928885
1325,2.5611656
1326,2.4596043
1327,2.5006897
1364,2.6360343
1322,2.84646
1323,2.5461879
1324,2.5603335
1362,2.6401484
1363,3.1333616
4381,2.5632896
1359,2.6183708
1360,2.5612807
203,2.9781168
1361,2.613988
4269,2.7786925
1320,2.5744326
1321,2.4588392
1358,2.63703
1315,3.4124582
1316,3.0938098
1317,2.4905274
1318,2.7782173
1319,2.3514452
1357,2.575216
4115,2.5318742
1313,2.6653347
1356,2.4435952
1354,2.9139843
1355,2.4285073
1312,2.520223
1352,2.42959
1310,2.411681
1311,3.1431246
1348,2.4978883
1349,2.753966
1350,2.7248445
1351,2.3902197
1308,3.3668094
1309,2.53042
1307,2.6578395
1347,2.5941405
1304,2.9529905
1305,2.7566214
1306,3.3630493
1346,2.6243644
1344,2.4354684
1345,2.8137383
1180,2.429605
1303,2.8243282
1301,3.0623996
1302,3.0625386
1298,3.2801933
1299,2.6963468
190,2.5543535
1343,2.4658408
3884,2.577088
1341,2.791613
1342,2.624133
1339,2.6430964
1340,2.5802953
1297,2.6543381
645,3.245321
1337,2.4908826
1338,2.5006232
1333,3.1396434
1334,2.7349825
1335,2.4274511
896,2.5780504
3909,3.2411275
4966,2.5121315
1375,2.72336
1373,2.5118577
1374,2.4475064
4801,2.4529674
1372,2.6142802
1371,2.5308213
914,2.4140308
4340,2.4547472
1370,2.6481333
1369,2.9499924
2671,3.128356
1379,3.265139
1380,2.9709454
758,3.0030968
3544,2.4712856
1383,2.6154501
1384,2.4514859
981,2.908088
4021,2.6146536
4576,3.767156
1505,2.8350937
1803,2.63783
4087,2.4872878
3598,2.4773076
1404,3.1079288
737,2.6566012
4921,2.666801
1403,2.6897933
3709,3.420816
4242,2.6630502
1401,2.82897
3958,2.6224442
3443,4.09822
2058,3.735199
4779,2.7314742
2055,2.5879135
2408,2.4953656
2105,2.5391562
4459,2.5579197
2104,3.125587
922,2.6669898
2103,2.5210357
5019,2.420417
2102,2.6393867
2057,2.4054532
2100,3.2461126
3484,3.4016547
2099,3.3153045
4103,2.811326
1406,2.6620224
2054,2.5242558
2098,2.4317915
4028,2.943779
2097,2.758392
2094,2.4026926
2686,2.9053054
2091,2.5833397
2603,2.590547
2087,3.261537
1466,2.500274
2088,3.4747336
1568,2.6923418
2086,3.1817815
2085,2.8407362
1125,2.5856988
867,2.5932193
2084,2.4558997
4211,2.654971
2081,3.5279377
2082,2.5652142
4070,2.8224788
2080,2.5089245
2079,2.8008783
847,2.4620285
2056,2.8919349
1741,2.8265402
2077,2.8072145
4709,2.712015
1458,2.5146382
3064,3.3559148
1925,2.6755588
3603,2.489883
2076,2.7577105
3988,2.5152855
2075,2.6962237
2072,3.9813445
2073,5.1677914
5083,2.5735059
4774,2.8124237
2070,2.5044665
2068,2.6708875
2069,2.4922698
1715,2.3979576
4129,2.9554486
1547,2.4575908
4671,2.4392288
1473,2.4755807
4670,2.9243476
1733,2.6568143
4828,2.5976906
861,2.5653648
964,2.5560882
2067,2.5267892
1882,2.5143294
2065,2.4203749
2066,3.4628172
131,3.6154377
2064,2.6690176
5226,2.4553933
4076,2.7471044
2063,4.873245
2061,2.5297108
1418,2.623721
897,3.8311899
2059,3.5629146
1527,2.5770013
2050,2.6196575
4483,2.5848281
2051,2.59092
4147,2.553459
1847,3.489847
4796,3.1234028
351,2.8913188
1444,3.1553063
1445,2.975804
1447,2.7003465
4253,3.0908694
1446,3.92148
1451,2.8079765
1464,2.4542148
1465,2.4516478
1722,2.553675
1725,2.3838947
1805,2.4855266
1724,2.4567978
4297,2.5271714
4204,3.077113
4739,2.391254
1424,2.4436157
3172,2.5029325
3173,3.1252313
3174,2.8886743
3175,3.2601237
4382,2.3714008
4383,2.6185994
4390,2.7147532
2257,3.1650577
4386,2.8351488
4105,2.614117
1478,3.277154
1479,2.484012
1484,2.9854736
1485,2.6839128
1486,2.4355962
1502,2.577918
3885,2.7190635
4254,2.6025016
1511,2.5373576
4648,2.5276463
4649,2.507887
4650,2.4273322
4651,2.3836875
3955,2.4133928
4645,2.8476908
4646,2.5140464
4647,2.8688974
4642,2.524324
4643,2.5444083
4644,3.4371428
3706,3.4173818
4652,3.883382
1531,3.2028089
1532,2.435084
725,2.85808
4679,2.4860296
4657,2.647052
4783,3.8587906
4160,2.5421448
3678,2.5180886
1540,3.440889
1541,2.8961205
1542,2.471134
1543,2.71685
157,2.5752456
1537,2.482431
1538,2.7423155
1539,2.5369854
1544,2.5812979
168,2.5377574
169,2.6042132
167,2.5477521
4320,2.5896754
4986,3.1325948
614,2.9048018
1564,2.502912
4767,2.4655592
1565,2.6796126
1562,2.3866255
1623,2.658116
3334,2.7637405
4089,2.5625334
1571,2.7472572
1572,3.0974903
1115,2.7224798
1570,2.5599592
2691,3.5997899
637,2.5067687
3826,2.8534367
2629,3.0524457
2630,2.5013542
2631,2.5467172
2627,2.5978935
2628,3.0028913
1116,2.5433538
1381,2.803816
115,3.214628
3656,2.9265559
5003,2.604753
1595,2.5557933
3841,2.6666028
3606,3.0940897
3677,2.552394
1729,2.5765376
1442,2.558402
5237,4.068206
3192,3.48621
3191,2.7333615
3797,2.4064672
163,2.5100212
3190,2.3585885
2989,2.8075325
1880,3.112293
205,2.815052
1748,2.4612198
3189,3.4684567
4004,2.5919943
3188,3.0925272
2937,2.3504534
2943,2.5920298
1285,3.4196181
2944,2.4368463
2936,2.3988445
2938,2.651436
2939,2.4126635
2940,2.4745355
2941,2.7075033
2942,2.3817763
2222,2.5275066
1861,3.18046
4314,4.189246
3968,2.6184385
626,3.337143
183,2.4188411
1530,2.4481869
3609,2.402744
1631,2.9317555
1632,2.538997
633,2.4855833
2923,2.9222758
1637,2.4423885
1638,2.7514079
1644,2.3511074
1642,2.4194121
1643,2.4754534
5224,2.7972476
4053,2.637582
1641,2.453505
1640,2.6964746
1868,2.4111166
1660,2.6647568
1661,2.4804177
4257,3.0509775
1662,2.499502
1663,3.3541515
1664,2.9353178
1665,2.4904373
1666,2.8031192
1667,2.458844
1668,2.3755577
1669,2.9076886
1670,2.5104995
1671,2.7261593
1672,3.3824599
4613,2.3773093
1673,3.3620067
1674,2.5037205
1675,3.0416698
1676,2.5543594
1682,2.5149984
4221,2.4035747
1683,2.7947137
1684,2.4938605
1685,2.538953
1698,2.423332
1699,2.6326735
4856,2.8121645
1657,2.5275006
1658,2.4143312
1659,3.2641978
1680,2.8017113
3747,2.6085312
1681,2.4726086
1693,3.0383902
1694,2.38995
1695,2.8191066
1696,2.4090674
1697,2.8427525
1651,2.6625082
1652,3.3078613
1654,2.8521276
1655,3.029876
1656,3.134755
1677,2.695045
1678,2.769544
1679,2.5819612
4478,2.4524047
1687,2.6454966
1688,2.4843893
1689,2.7847373
1690,2.7090538
1691,2.5843058
1692,2.466057
1647,2.4018705
1648,2.4984882
1649,2.8732252
1650,2.3604329
1226,2.4248917
4370,2.8385377
4798,2.7265787
1703,2.39371
2954,2.4964097
3966,2.9560776
1717,2.415677
4991,2.521825
1742,2.4461856
1743,2.739293
3936,2.3827333
2131,2.87952
3877,3.117187
1768,2.5730443
4587,2.397681
2640,2.699852
1766,2.4830215
1767,3.8800514
4725,4.3757195
1292,2.5127726
4653,2.6432838
195,2.6973042
3967,2.562658
1765,2.6116674
3022,2.9874368
1764,2.673777
2980,2.5680318
5046,2.3889384
1262,2.5747097
4159,2.8139873
1128,2.578974
3623,2.9136913
1763,2.8459833
1760,2.4975758
1761,3.1133835
1563,2.4846997
2247,2.3821833
1759,2.3971112
1,2.6135626
4817,2.395816
4266,3.3195038
644,2.8082337
4145,2.5680919
5111,2.617368
1149,2.7793937
617,2.5049126
1746,2.5034542
1488,2.495722
1756,3.1766493
1630,2.5565648
1754,2.5329332
1755,2.7008238
1752,2.8340795
1753,2.4977112
1750,2.6044471
1751,2.3658502
1749,3.0993001
16,4.5865083
3112,2.568179
4282,2.395861
3108,2.792413
3109,2.4174716
3110,2.507956
3111,2.741189
3106,2.4845953
3107,2.399594
3105,2.3930779
4067,2.4439914
1497,2.7030358
1730,3.6356974
3816,2.450246
1771,2.699894
3480,2.42386
3481,2.4403396
3477,2.6530123
3478,3.0794442
5011,4.418675
3475,2.5261507
1772,2.5013332
1773,3.669963
1774,2.636264
1775,2.7276328
1776,2.5434482
1777,2.430061
1778,2.9889693
1779,2.6029148
1780,2.5144756
1781,2.4400833
1782,3.0410287
1783,2.442347
1784,2.4250371
1785,2.4471898
1786,2.7632887
5087,3.0534337
3938,3.1217055
1792,2.539565
1793,2.7198625
1800,2.501754
279,2.5308702
1799,2.513689
655,3.6660037
4199,2.7250092
3707,2.610516
4457,2.7652833
671,2.568208
4620,3.0514338
4808,3.0684938
3094,3.115075
5035,2.637031
5036,2.7309651
5037,2.614588
5038,2.4684987
5039,3.0198371
5040,2.5524337
5041,2.5755706
5042,2.6872733
5043,3.1328447
5031,2.4225998
5032,2.9130414
5033,2.5870585
5034,2.4745476
1809,2.4801624
1810,2.6042318
677,2.4555073
1808,2.5052388
2355,3.112716
1807,2.5173266
4246,2.5869684
4951,2.724192
1806,2.448518
631,2.5073383
3557,3.2219353
1587,2.6032805
1852,2.8210514
1814,2.905847
1813,3.00453
3690,3.1806703
1812,2.526311
4674,2.8789735
1818,3.3498707
4074,2.9019156
1819,2.5638995
1820,2.7971694
1227,2.6696844
2596,2.5484562
2597,2.413464
1824,2.5655313
1825,2.7240827
1829,2.5451875
1830,2.4700844
1827,2.846124
1828,2.5853324
3976,2.430218
1832,2.386072
5049,2.763486
4329,2.5420022
5180,2.6840847
1894,2.506272
1908,2.5242887
2670,2.6325312
5153,2.4223657
2669,2.531092
4200,2.5635903
1513,2.966766
2667,2.7319484
95,2.6242735
4928,2.5484142
2666,2.6124034
2644,2.5944922
4465,2.4199982
4702,2.542056
3703,2.6287715
2360,2.4220831
5126,2.9750214
2663,3.1427786
2664,2.5894456
1897,2.4953983
2662,2.51231
3836,2.4143531
996,2.722624
4654,2.524828
2658,3.0259228
2649,2.7628381
2657,3.1358361
2648,2.6590757
1747,2.4911048
2647,5.558981
138,2.6037292
2646,2.6479337
4855,2.646344
5071,6.951572
5108,2.582433
4388,2.4777904
4112,2.414982
1557,2.4238155
2655,2.9910886
1220,2.4883654
1368,2.7156224
1134,2.421027
987,2.505785
1893,2.7284403
2645,2.400464
986,3.584109
2207,2.3848286
2654,2.425255
5067,2.4868054
2643,2.4110749
2653,4.016383
3959,3.046544
2326,2.4932215
2641,4.1596384
4831,2.4781666
5063,3.3421402
4484,2.461498
2651,2.3716283
4321,2.5571775
1841,2.546619
1842,2.6119094
1839,4.3317986
225,2.384413
781,2.5661192
1844,2.5808847
1144,2.6270802
1561,2.6362944
601,3.8062286
1860,3.3138669
1821,2.5526166
1436,2.777416
3679,2.608873
1858,3.6506193
1869,3.655294
2659,3.708256
3914,2.604049
4017,3.0130007
304,2.6566303
52,2.6084502
733,2.9998577
1872,2.4735827
681,2.42979
4018,2.9533958
1886,2.5132
1879,2.4376664
1293,2.9757993
2945,2.7041621
1885,2.9216974
1878,2.5192952
4982,2.5885363
1884,2.4996905
1883,2.7983646
4014,3.7962425
4016,2.9032335
3490,2.6933613
4299,2.530102
3127,3.8180957
3128,3.1423383
4215,2.6403592
1919,2.6478066
1186,2.669557
5164,2.4975266
1909,2.8958669
1918,2.7108176
808,3.227438
1608,2.453626
1917,3.01204
1906,2.4584222
1907,2.5641959
1915,2.9126537
1916,2.5111892
297,2.539595
1179,2.5740783
1060,2.509667
1059,2.412642
196,2.7881768
4193,2.4589667
1913,3.148001
1914,2.573322
1070,2.4623091
1905,2.6441457
1904,2.4844227
4496,2.5002596
1895,2.5703382
1896,2.9869049
1903,3.1358774
1476,2.5069735
4952,2.5092835
1912,2.6491456
1902,5.6699557
1911,3.1355522
1901,2.603478
662,3.15655
1900,2.6973348
988,6.1756687
1910,2.5562391
5099,3.7070017
984,2.607447
1899,2.8077166
695,2.6363199
1898,2.5395126
1592,2.5089593
1593,2.5323129
4184,2.6577082
3998,3.6369135
1509,3.5287378
1838,4.0793567
2401,2.6467984
1525,3.5087
1133,2.6478426
921,2.7408373
1831,3.1274335
4157,3.9299924
181,2.484871
1580,2.5260427
1590,2.956388
4318,3.1526837
1589,2.457785
1588,2.6599195
4818,2.7287424
1579,2.599005
2665,2.8952258
1586,2.8743565
4461,2.8494706
3615,2.954023
947,2.6835442
1584,3.3644466
1585,2.550206
1583,2.530766
1232,2.8467338
1582,3.06668
1578,2.7727582
1581,2.481238
1435,2.4667842
1701,2.4709835
829,4.282218
4930,2.4597902
475,2.6229236
1723,3.084961
2736,3.2243638
1815,2.6264927
1811,3.8200681
1924,2.6615517
5185,3.3684037
3178,2.4561098
1926,2.7891936
721,2.5804586
206,2.5207102
1395,2.6658678
2046,2.4375603
1989,2.477956
1990,4.131263
1988,3.2618957
2045,2.414855
1986,2.4288194
1987,2.6230602
1947,2.4990366
4106,2.5414836
2044,2.700506
797,2.7868924
2042,3.4373555
2043,2.5583467
1982,2.5111058
1983,2.475272
1984,3.0967321
1981,2.5965316
602,2.625621
5000,3.3179903
1946,2.7792077
3795,2.3925729
4708,2.5521953
2674,2.537193
2041,3.9031963
1182,2.477185
1945,2.4393876
2039,2.3929203
1979,2.7516418
2038,2.4442384
1978,2.536506
4626,2.472959
2035,3.1337805
2036,2.4771554
1944,2.81776
2034,2.6928291
4545,2.4846413
2033,2.6045847
3778,3.2881758
1195,2.9940662
5096,2.4718423
303,2.5094438
2030,2.5210578
2031,2.49438
4500,2.6893928
1141,2.527505
4698,2.5067368
1150,2.5558684
2029,3.1600742
2028,2.4835336
584,2.5468965
4262,2.7498128
3900,2.6124098
2027,2.4479325
2025,2.8775368
543,2.9287748
1940,2.4862804
1941,2.5070064
1977,3.4049294
2024,2.5884752
164,3.385988
1976,2.5385203
2022,2.9875998
1470,3.5167253
1975,2.7185526
2020,2.5099132
4469,2.4356825
1974,2.8306055
1628,2.4557405
1972,2.776669
2018,4.1526127
1970,2.5795748
1971,2.5457573
2017,2.5072823
1071,2.536631
2015,2.534808
2016,3.141608
12,2.5433915
344,2.601116
2014,2.570694
1938,3.4417696
2013,2.4276748
1453,3.3859425
1937,3.7780855
2012,2.5556931
1967,2.5305603
2011,2.9571052
2186,3.1728697
2010,2.9883578
4523,2.6083736
1936,2.5167263
2009,2.9953074
1965,3.1434276
1966,2.6451058
4683,2.726262
1963,2.6650028
1964,2.9018862
2007,2.8301494
2008,2.596845
1961,2.820969
1962,3.7219465
5084,3.4693964
2637,2.574916
4619,2.6384695
1958,2.5241976
1959,2.482551
1934,3.4102004
1935,2.6260962
1955,2.6101649
1956,2.3873298
2005,2.509666
4833,2.4981873
1954,2.458355
2116,2.8299665
2004,2.5229938
1929,2.4834895
1930,2.5808718
1610,2.5623128
4234,3.1362293
2001,2.5821507
2002,3.5287282
1952,2.3930194
665,2.7327108
1998,2.4990804
1999,2.6480987
685,3.3342383
5059,2.5482862
1950,2.8659766
1951,2.4916532
1949,2.5724704
1997,2.6662955
1995,2.4077425
216,2.5545359
1996,2.5622132
1948,2.519303
1993,2.439693
2632,2.7558944
1992,2.5866055
3672,3.0129008
1452,2.4304714
2607,2.5916576
2608,3.0040677
3837,2.8047078
3104,2.413047
2758,2.8444493
2955,3.55178
4700,3.0044758
4869,3.4628692
2398,2.48809
2141,2.4662714
800,3.0485513
2095,2.7658522
2757,2.5352836
1735,2.681102
2756,2.4807954
2092,2.674038
673,2.634164
4369,10.222573
2240,2.5403535
1713,2.526073
1598,2.621781
4156,2.632285
3834,2.5765674
747,2.4908705
2755,2.5963767
3810,2.4391255
2246,2.4467547
3985,2.462356
4974,2.4642622
1469,3.2890542
5228,2.4026363
3903,2.6917684
5159,2.426965
4637,2.4222739
2053,2.704135
3865,4.146962
2753,3.1489275
5222,3.0074685
4110,2.3797
2752,2.7197938
2074,3.2058809
5247,2.949784
2750,3.0758893
2751,2.678372
4389,2.8712943
1736,2.47482
2747,2.8479638
2748,2.4999163
2745,3.3958461
2746,2.4998734
3943,3.5813568
786,2.5873852
2744,2.5256708
4064,3.0792322
4782,3.409812
2743,2.460034
1881,2.837879
532,2.421645
2740,3.3386312
970,2.7055342
2738,2.5572448
2739,2.6203084
4507,2.8072946
1843,2.4489486
4150,2.8662481
3879,2.4276984
2110,2.8698106
2108,2.4277806
2109,2.4263666
2404,2.3916264
2123,2.5067759
4071,2.4616058
4521,2.5392945
2121,3.060366
1353,3.2127202
5178,2.5135999
2119,5.5932527
4128,2.5040054
4143,2.769936
4908,2.5994723
3715,2.5236309
833,3.049205
3555,2.7723982
3660,3.0052779
2114,2.8226166
2111,2.389713
879,3.0695524
3801,2.5040476
2113,2.658736
4125,2.7238014
2142,2.5617476
2112,2.5084984
1120,2.5021253
3168,3.1772697
3169,3.203416
3815,2.8924065
2125,2.5883396
2126,2.5855844
2135,2.3941052
1421,2.479424
2132,2.9888146
2133,2.979022
2134,3.840902
2308,2.4373543
682,7.306863
4618,2.8935902
3989,2.5467355
2147,2.810552
2148,2.4956133
3831,3.3184543
2145,2.462515
2146,2.926055
4511,2.5796828
2144,2.6177576
2949,2.5546758
3784,2.4783754
1467,4.505244
4800,2.5204914
2175,2.625712
2339,2.4667606
4162,3.229528
2990,3.2115927
2365,2.952291
1126,2.6288211
2169,4.9708176
4019,2.65533
343,2.4812121
2184,2.4725292
844,2.4422746
2183,2.459559
910,2.7871425
4729,2.8439708
2182,3.3071282
1874,2.6094542
2180,2.659935
2178,2.507885
2179,2.9960284
98,2.9869952
944,3.3537588
5048,2.5440974
2176,2.658303
2170,2.449835
2171,3.3914244
5047,2.5209048
1529,2.9583044
2336,2.4451718
290,3.140616
1176,2.5095859
2234,2.6295264
1255,2.6870317
3761,2.790378
2198,3.6766312
4475,3.4735172
2233,5.825823
3820,2.4361134
213,2.432902
2232,2.7787585
1412,3.021722
4073,2.5760505
2230,2.997618
2228,2.8568547
2229,2.5901134
2197,3.4517775
4029,2.55372
2227,2.7838783
854,2.5424666
4210,3.620903
3665,2.491881
2226,2.4985468
4391,3.22059
3489,2.6216996
757,3.2666118
2223,2.4197962
300,2.7435393
2224,3.4904025
4233,2.454527
4354,3.028878
2192,2.584641
2235,2.544353
5082,3.12094
5095,2.4706204
2220,3.299186
1482,2.492653
4012,3.5723355
966,2.418082
1165,2.6829352
2219,2.6394866
2216,2.500659
2217,2.6382406
2196,2.596495
1534,2.6938627
4675,2.6018648
1158,2.4715276
2211,4.3329186
4363,2.520147
2212,2.6225142
208,2.5706148
2213,2.4957547
2214,2.54864
2210,2.5306358
4270,2.7808137
834,2.4963367
4226,2.9808521
2209,2.4098802
2156,2.7669632
5026,2.4687486
1711,2.5631812
2191,2.6192691
2205,4.1721373
1606,2.664684
832,2.514242
4830,2.4093492
1607,2.3905418
1022,2.6054313
74,2.5422509
785,2.6053295
2911,2.67861
2642,2.3662786
2204,2.5945346
2203,2.5782804
780,2.3815293
1189,2.7509828
1147,2.772346
2904,2.7889888
2194,2.6849415
2195,2.3462958
1188,2.3754554
632,2.3982065
4791,2.4052346
2190,2.5084877
830,2.408353
3845,2.5521371
2200,2.6283188
2193,2.3805852
2062,4.915905
3849,3.0754101
951,2.6324868
609,2.3719234
3504,2.48257
3505,2.391524
3573,2.35609
3574,2.591016
3571,2.8697433
3572,3.1657078
3575,2.8916354
3576,3.494401
2243,2.7870502
2244,2.551926
5143,3.8104725
1295,2.4254656
3588,2.442592
3589,3.5299742
3590,2.3644378
962,2.673376
3587,2.4801471
3594,2.3993788
3586,3.6881034
3593,2.8177264
3584,2.4639268
3585,2.4982853
3583,2.5494125
3591,3.1220407
3582,2.7181005
3969,2.4127736
185,2.4357452
2881,2.3714783
2885,2.745274
2882,2.3980448
2883,2.408033
5020,3.2213442
3592,2.4561865
2775,2.404965
2776,2.4057949
753,2.7773433
3766,2.4768147
2261,2.660402
2262,3.365192
4401,3.0822875
2264,2.4393501
104,2.6702693
4932,2.8661845
4431,2.4855878
2288,3.171448
2270,2.4404876
2271,2.3743808
2272,2.4094563
2273,2.6407366
2274,2.6814415
2275,2.6402702
2276,2.438323
2282,2.3910322
2283,2.4920805
2284,2.7011185
2285,2.3813221
2286,2.420166
2287,2.4413886
2269,3.1498797
2279,2.8207164
2280,4.1007457
2281,2.3996167
2278,2.8295343
901,2.6383154
2277,2.4928024
2855,2.5656533
5045,2.3922138
2856,2.5504005
2857,2.8548117
2851,2.8186061
2852,2.4170349
2853,2.710679
2854,2.4751
5123,2.5313191
5124,2.419699
5125,2.636614
4460,2.3998756
3497,2.3716455
3495,2.6389394
3496,2.5990107
2299,2.438405
2302,2.4748654
2303,2.4822152
2298,2.392639
349,3.165012
3846,2.7201662
2304,2.3919907
2305,2.3691604
1202,2.5700126
4622,2.4259846
4408,2.3997273
4409,2.5351596
4410,2.8008819
4411,2.3532398
4412,2.7099261
4447,3.8508537
4448,2.4200351
4445,2.4661276
4446,2.699671
4209,2.5915456
4034,2.383623
2151,2.4034238
4443,2.6795928
2344,2.3927822
1837,2.488388
1367,2.4585714
680,2.3636665
4436,2.9818857
4437,2.4257119
3637,2.4657993
3862,2.352917
4430,2.4825206
4426,2.3580112
4427,2.5446475
4424,2.5111468
2928,2.518223
4425,2.5969865
4418,2.398442
4419,2.7987456
4420,2.6528485
4413,2.3835201
4346,2.5262716
1791,3.315828
2313,5.306991
3700,2.380284
2316,2.7863536
2312,2.5632331
2315,2.4219105
927,2.912174
34,2.9280908
2337,2.4187655
2338,3.329178
1559,3.1293392
4163,2.47105
650,2.3961585
649,2.4010513
652,3.1352746
651,2.927126
1044,2.5169075
4531,2.4810576
4111,2.3555365
2347,2.719123
4981,2.4270196
2143,2.4483447
2346,2.3968554
3644,2.366605
3538,2.5438008
3539,2.4888268
2239,2.4913666
3537,3.1129951
3535,2.9055943
3536,2.5495117
5009,3.3033738
5010,2.9153101
5001,2.5818355
5002,2.958639
5007,2.3845096
5008,2.4765694
5006,2.9200082
3004,2.5537698
3866,2.3903086
4999,2.4069006
4996,3.2518895
3957,3.5784166
4997,2.4421442
4998,2.4144158
3003,2.8429437
3011,2.8729477
3001,2.354466
3002,3.0758724
3009,2.4607477
3010,2.9863033
41,2.7620463
4068,3.086833
3827,2.4607668
3008,2.4252024
2634,2.6945755
823,2.8259304
39,2.4043245
3712,2.4062827
3000,3.2662282
3007,2.6342387
3006,2.7864766
728,2.51348
2351,2.3393447
2352,2.4169316
2353,2.4770334
661,3.4015768
2678,2.364049
49,2.4014392
2677,2.8029106
3874,2.4093828
1737,2.613186
1738,3.6162343
1739,2.4110546
4141,2.4343169
1198,5.0820003
2982,2.7146907
925,2.4524977
2981,2.6239316
1183,2.4122868
2380,3.1818283
4365,2.64529
2704,2.3876295
2973,2.3982494
2978,2.4181728
2979,2.4936497
2971,2.4231815
2972,2.4782698
2361,2.575008
4214,2.9230518
2366,2.4043612
2367,2.5896826
2368,3.8131511
2369,5.5841355
2370,3.3581007
3980,2.4415052
3981,3.3040545
1109,2.5887907
2372,2.4885004
2373,2.9036605
2376,2.696939
2377,2.5318234
1287,2.5219808
2574,2.6461835
4591,2.628356
1633,2.4606667
3115,2.5792851
4429,2.5277824
1386,2.6928132
2378,2.9110165
2379,3.059598
2381,2.9044387
2160,2.8240707
3838,2.5932672
2396,3.028088
5134,2.448266
4205,2.5122023
5129,2.6267977
2395,2.433019
1175,3.0283525
1190,2.5771608
2177,2.5074327
909,2.9365044
2391,2.540025
2392,3.398819
2388,2.5174627
2390,6.8230762
2328,2.6685355
5121,2.9265745
2389,2.6928458
1191,2.7848704
1233,2.6780188
3657,3.201614
3704,2.529367
4300,2.5264056
4623,3.3120253
1591,3.137169
3492,3.0559669
4325,3.1584146
5144,2.5776315
4417,2.5947053
5044,2.5147629
2118,2.5965724
178,2.8850162
179,3.2615607
3894,3.024798
4948,2.4472022
4946,2.6605427
4947,2.680206
4936,2.397041
4937,2.7653513
4938,2.4380987
4934,2.608852
4935,2.5471337
4933,3.256852
4944,2.5983734
4945,2.6522038
4941,3.0315838
4942,2.5235314
4939,2.522075
4940,2.9721363
4119,2.584843
957,3.1479237
2405,5.4107823
2406,2.845591
2412,2.7333558
2413,2.5020187
2415,2.688013
2416,4.1729984
2417,2.5252054
2418,2.5451267
1178,2.5036218
3114,2.5180335
3113,2.5458949
5266,2.61355
3763,2.4057407
2593,2.7610583
3701,2.6954823
2693,2.675644
62,2.6399763
3691,2.4399412
2592,2.5087585
4688,2.543478
2459,2.9828157
2591,3.071562
2588,3.2639155
2589,2.721587
2590,2.543741
4298,2.4867134
5182,2.5269263
2587,2.609144
2586,2.4590118
1863,3.0529706
5012,2.7731748
4577,2.9296904
4149,2.499635
2101,4.486084
2585,2.930338
4072,2.431637
5259,2.3942785
3545,3.3774946
1413,2.9093416
3859,2.5359452
731,2.6718836
355,2.554655
2292,3.891874
924,2.7636101
2439,2.5419536
1512,2.5740516
4553,2.572714
2583,2.4563823
744,2.6347017
2584,2.5040944
4059,2.4728599
2438,2.5366654
2582,4.6507735
821,2.7462974
3699,2.8004243
3873,2.4873612
4712,2.5857265
4566,3.418349
2581,2.5310416
4780,2.891865
2580,2.666833
3997,2.687598
2578,2.8564618
2579,4.592433
2690,2.4761646
4581,2.7636251
4740,2.7694116
2241,2.4729578
2575,2.652019
2576,2.661239
2577,3.9230292
2572,2.5837379
2573,2.7614317
111,2.566732
1520,3.1725695
2164,2.450798
2437,2.5157726
4326,2.3762689
1393,2.931454
828,3.2283065
2571,2.5382662
738,3.7775705
4722,2.8449876
1024,2.9988995
3832,2.4375265
2570,2.5992596
2436,2.5774322
2569,3.0423367
2567,2.921361
2568,2.399239
2458,2.5073783
3688,2.9282267
2565,2.4312143
5233,3.8721457
2566,2.421614
2563,2.6571214
795,2.4534864
289,2.433774
2564,3.5441546
2977,2.576918
4456,2.5371249
2562,2.7842498
2096,2.7580721
2560,2.64594
2561,2.9464865
2456,2.5286844
2457,2.4192922
2559,2.729187
151,2.4569564
2557,2.8183162
5231,2.5417454
2558,2.557294
670,2.56374
1378,2.8494568
2556,2.43276
4759,2.4685812
3871,2.4380856
2554,4.148852
2555,3.8961525
4371,2.8532512
1524,2.5417378
2552,2.7520273
4922,2.5408804
2551,2.7165248
1794,2.450161
3960,3.140099
4295,2.511289
1795,2.7702088
2549,2.5387967
4134,2.5866485
272,2.4728098
1943,3.4170518
796,6.1971474
2548,2.5112317
3807,2.389637
2455,2.5595148
1463,3.03515
2547,3.2389467
3776,3.143533
2140,2.6323497
4696,2.6397746
1160,2.6885607
2546,2.5769143
2026,3.7526877
4611,2.4866064
2545,2.7021837
809,2.7197156
2454,2.5949786
2543,2.8481622
4373,2.776858
2542,2.7311447
2453,2.4727085
2541,2.9632115
916,2.570404
971,3.05517
2539,3.961543
2540,2.4641402
3686,2.7323735
1939,2.7762682
3664,2.6392083
4557,2.5506868
197,2.4783642
874,2.6365886
4807,2.6135302
2538,3.1253684
2414,2.534386
2535,2.7031007
2536,3.2832453
2537,2.638148
2407,2.4244814
1199,2.5416133
4692,3.2332857
144,2.61225
236,4.0143733
5192,2.5849478
2129,3.538545
3904,4.5375533
2534,2.5483427
1138,2.9311051
4131,3.2712927
1645,2.7732089
230,2.5118005
2533,2.6826596
606,4.0081058
2532,3.2890997
2531,2.4565222
3861,2.5097492
2529,2.52416
2530,3.6159842
778,3.654199
2083,4.4245996
679,3.7823112
4773,2.55775
3630,2.567595
2528,2.651856
917,3.1381824
4033,2.548346
1434,2.6252842
2375,2.5197177
2527,3.9731672
2452,2.4730375
2238,2.4806008
2451,2.4708958
5016,2.6829631
3467,2.425601
1462,3.1767926
3979,2.8433058
2526,2.523328
4197,2.5152512
3920,2.5847476
2434,2.6506593
2433,2.590777
2524,3.4805896
2525,2.4958305
755,2.3992093
2409,2.5301466
2431,2.5190208
2432,2.8018935
2450,2.5306375
2522,2.457833
2523,2.4757235
2521,2.4333837
1625,2.4821367
2449,3.1163497
2520,3.16154
1249,2.506475
2517,2.5533884
742,2.3399093
2518,2.436376
2515,2.44378
2516,2.7191122
2986,2.4037025
5190,2.888279
2448,2.5753863
4735,2.9936855
2513,2.9151945
2514,2.818113
145,2.468448
2430,2.4997652
1237,3.3141148
3684,2.81802
2511,2.4878585
2512,2.5566733
2509,2.4898603
2510,2.521566
669,2.6170416
2508,3.3213491
3995,3.5226161
1796,3.025679
1225,2.5822864
2506,2.5322444
2507,2.9222794
1143,2.928064
2505,3.0752285
2503,2.8106856
2504,2.6407418
1634,3.9099214
2502,2.9668355
2422,2.7671204
2423,2.6839948
3851,2.7865164
4280,3.3911915
5239,2.4972723
3821,2.4953282
4249,3.4932537
2501,2.4825313
4050,2.660673
5015,2.477151
2498,2.723714
2499,2.6917875
2199,2.4021256
2173,2.5920775
4126,2.5413635
4422,2.5995262
2495,3.3152745
2496,2.5904665
2493,3.0124311
1118,2.7387884
2494,2.4489477
1074,3.1947935
2490,2.5620127
2491,3.1512012
2492,2.5201964
3653,2.6883016
4075,3.0650547
2488,4.1099105
2489,2.8251264
3661,3.491569
1494,2.7427588
1700,2.5777056
911,3.2503667
2487,2.481747
3869,2.496712
2486,2.5876877
2003,2.6822088
2484,3.9002864
2485,2.793401
1927,2.8965786
2447,3.7136889
2481,2.6740005
1177,2.4274282
2482,2.5131953
1427,2.5256946
2483,2.4466677
2421,2.7276757
1933,3.0003898
2480,2.4195876
2185,2.9814634
4834,2.433643
2479,2.5800328
1426,2.5454566
4544,2.6699164
2477,2.4822946
943,2.4470007
4025,2.4222565
4026,2.9067328
654,2.470608
3999,2.4507098
2159,2.5383985
1851,2.4787738
2157,3.6605022
1836,2.7545638
1411,2.7513256
4606,2.4337442
2476,2.6065059
752,2.43469
4621,2.844277
2475,2.5024762
2445,2.4617608
2446,2.6715758
4792,3.660809
3631,2.5107884
2474,2.7263687
298,2.428606
2473,2.7041206
4153,3.1238596
128,3.1115587
2471,2.820461
2472,2.6536086
4768,5.623441
2444,3.0728126
2470,2.9086897
4519,2.470321
237,2.8023481
288,2.4959154
2442,4.913054
192,3.099395
2428,3.0246968
2469,2.681142
2359,2.481295
68,3.0976527
2324,2.9591308
2468,3.894603
963,2.6949074
5107,2.5406246
4638,2.5642993
2467,2.470421
4376,3.2702584
4804,2.512574
2441,2.463851
2425,2.441288
2426,3.1404176
2466,2.697091
2201,2.6704497
4669,2.5198865
2465,2.6031938
2463,2.9881566
616,2.493545
2464,2.898923
2440,2.6482596
2462,2.4923842
2461,2.4808083
1402,2.4989486
4146,2.8674827
635,2.4420545
1639,2.5010989
2460,2.5265045
4761,2.3621469
3150,2.4591544
1921,3.1739588
3151,2.5091386
1106,3.0829768
3149,2.78453
247,2.3971448
4868,2.9173398
2604,3.4000144
2605,2.4144688
2606,2.561673
827,3.9406178
2598,2.5006301
623,3.3299384
624,7.644572
3605,2.461945
977,2.4938838
2599,2.7605894
2600,2.719302
2601,2.4493637
895,2.6762617
590,2.563585
3044,2.4721677
1714,3.0155003
4167,2.8921845
2616,2.5361235
2615,2.5237036
885,2.5377247
4805,2.697679
1477,2.616712
2290,2.6022243
4393,2.510674
3662,2.942629
1555,2.7309978
1556,2.4834235
28,2.5250728
4287,3.36641
1554,2.943678
1576,2.5722427
3978,2.6090937
2617,2.7298756
2618,3.0731344
2619,2.4920747
2622,2.8360238
4660,2.6837862
2623,2.4811277
2624,2.598962
2625,2.4874744
2626,3.2511284
2635,2.4286766
2636,2.48692
4036,2.4845874
2638,2.8397703
4109,2.9274337
676,2.4831922
1193,2.480203
1728,2.655344
193,2.58854
1192,2.7720587
919,2.6491394
1727,3.0482864
5243,2.45875
912,2.4805057
82,2.4359252
85,4.1591325
86,2.4838257
89,2.7282782
4044,2.9855928
634,2.7353897
2681,3.2084227
761,3.1809592
3553,2.7386775
3683,2.541276
4039,2.7687232
2692,4.1385255
2708,2.7446408
2696,2.5855763
1377,3.145801
296,2.824114
2707,2.6996613
1423,2.469375
2250,2.6936433
2706,2.909535
2705,2.468752
726,2.4670615
2187,2.90578
5251,2.4187615
2702,2.7972803
2703,2.6291542
2695,3.866421
4599,2.844052
5196,2.8186417
2700,2.4001453
4415,3.2518249
2697,2.4905896
2698,2.5431843
2719,2.7881916
3618,2.9754682
4592,2.5025
4571,2.8359902
2713,2.5302002
2317,3.0488498
2718,2.605056
4290,2.563549
4293,3.0867777
4567,2.5045707
663,2.5741174
2735,3.384505
3790,2.3714864
1744,2.4186466
4261,2.6547642
2734,2.5022528
2717,2.6168027
1553,2.9566336
4259,2.6506844
2716,4.1565557
2732,2.6746309
2733,2.5819888
2712,3.332257
4455,2.4931962
3793,2.8364367
2731,2.7053185
2709,2.6826458
2729,2.783414
2730,3.328673
4433,2.4400651
4404,2.6403513
2722,2.4893363
1101,2.7736952
2728,2.50684
2343,2.6707525
2726,2.5434775
4392,2.473154
2721,2.400087
5242,2.6403654
2714,2.502057
2715,4.319779
4351,2.5635707
2720,2.5908668
2725,2.4251156
2710,2.8324323
2711,4.008581
4337,6.0158925
4641,2.5824838
4881,2.4502954
365,3.1050503
4883,2.783034
4896,2.5370326
4870,2.421702
2724,2.3858552
116,2.5660312
350,2.4709759
4116,2.8301241
2763,3.2986617
2761,2.4796429
1573,2.6312256
2762,2.6113896
59,2.549182
4605,2.5802786
2767,2.4966133
2768,2.5667646
2770,4.542789
4434,3.9787614
2773,2.5792446
2774,4.951765
1716,2.4829016
3974,2.580925
2780,2.5492256
2781,2.6840453
2779,4.910803
4953,2.5860264
2782,2.5354202
2785,2.5431528
2783,3.158871
2784,2.5362556
2842,4.594517
2847,2.5162373
2162,2.7112358
2846,2.8548658
2835,3.0320077
2836,2.4844444
2838,2.4843965
2839,2.616152
2840,2.5718684
2841,2.4862237
2823,2.671502
2824,2.9166958
2825,2.6697505
2826,2.719126
2827,3.071169
2828,2.6876516
2829,2.513666
2830,2.432474
2831,2.838312
2832,2.7642438
4785,2.4643734
2833,3.1031349
2834,2.3610036
293,3.3249094
2845,2.7430756
2818,2.7865863
4517,2.8038232
2819,2.561869
2820,2.8816607
2821,2.5246675
2822,2.8799953
2844,2.5212502
1558,2.4182465
2817,2.585821
1475,2.7309644
2815,2.9660697
2816,4.8635135
2843,2.9719574
2812,2.4077137
2813,2.81704
2814,4.7210593
2849,2.4625514
2850,3.1302059
174,2.926964
740,3.4836202
3521,2.519366
3529,2.4773424
2870,2.4615755
1240,4.0143385
2872,4.516383
2873,3.0056248
1514,2.5683622
2921,2.6541634
1294,2.97359
2919,2.5451622
6,2.4986262
2071,2.6925929
2215,7.1474533
5050,2.4667919
2914,2.5293758
2912,2.4621003
2913,2.4775536
1113,2.4043317
835,2.641734
2155,2.6943896
1407,2.4817104
2910,2.956574
2909,2.474707
3878,2.5901315
2887,2.470206
2888,2.5338187
4724,2.4814603
3666,2.6523478
2341,2.428742
1932,2.8635457
2803,3.6160736
35,2.8994446
1621,2.3736062
3043,2.4723887
4133,2.4669406
3042,2.7407322
3986,2.4861362
3635,2.5359585
3483,2.710375
2892,2.5677574
2893,2.5685046
2895,2.5543885
158,2.5043426
932,3.3404577
1067,2.4303718
2894,2.4724216
1510,2.6716092
159,2.7208207
3961,2.4277067
1213,2.6868396
1569,2.7581248
2897,2.5689695
4510,2.4778728
4107,2.898033
3120,2.9733834
3119,2.5551236
3863,2.7400048
2900,2.8237166
2901,2.4603157
2902,3.3331397
2903,2.7470663
2905,2.7724872
2927,2.515403
759,2.9137683
2931,2.884512
2932,2.5959532
1875,2.429814
2602,2.6515834
2946,2.5763037
939,2.9727588
2947,2.474421
2948,2.435157
229,2.7876854
2963,2.521975
2962,2.6019604
4458,4.6298594
2960,2.513867
4230,3.1577709
2961,2.4841948
2685,2.5913768
2958,2.6356323
2956,3.3063896
2957,2.5522175
2354,2.4907572
1629,2.6765018
2966,2.6690476
2967,2.6578238
2969,2.942133
2970,2.9873374
263,2.7340305
2968,2.544061
2992,2.8193614
2993,2.5194266
4009,2.9110155
301,2.4403837
4192,2.4848547
3014,2.4108536
3015,2.4585736
3017,2.5383258
3018,2.4295967
3019,2.6521056
3020,2.6898448
2374,3.1526763
4983,2.624649
4568,2.629081
4085,2.6416614
772,3.0746133
1870,3.4374833
1871,3.2877116
3047,3.3125718
3048,2.7875152
3049,2.4109197
4490,2.5612526
3667,2.4599204
122,2.8398588
3065,4.3489842
727,2.5671096
152,2.8108926
3853,2.7086124
150,2.7366457
674,2.4853852
148,2.5145295
149,2.45136
4165,3.111445
1480,3.7660272
147,2.4404445
4718,2.81952
146,2.628881
4432,4.4846697
141,3.0239553
5171,2.6095488
136,4.3912196
134,2.4683008
135,2.3894176
129,2.4000273
130,2.445304
124,2.5618682
125,2.5384264
126,2.5134506
3543,2.3819501
889,2.513479
3469,2.5949478
3470,2.4818015
3471,2.5835416
3472,2.5629547
3473,3.352453
3474,3.2830565
4476,2.4541743
4477,2.4764853
3032,2.948661
4402,2.5385134
3035,2.345638
1142,3.1866598
4819,2.3726943
3034,2.4740174
3033,3.292182
1704,2.8053532
3030,3.2210472
3031,2.4496276
1552,2.6343684
1599,2.6909795
3600,2.5459514
3036,2.6483867
3744,3.3229036
3125,2.7673495
3126,2.3999808
4736,2.4897952
3038,3.132855
3889,2.5386338
1235,3.3489635
3037,2.6408827
3620,2.4994795
4658,2.5192835
3839,2.8746245
3040,2.5397286
3041,2.5901065
3833,2.5988607
1238,2.5487378
3051,2.7907546
1757,2.6662154
4243,2.544248
5204,2.6845393
3059,2.4665
953,2.563204
3058,2.5032873
3977,2.6258197
1204,3.1886587
1745,2.6663125
4926,2.938479
4927,3.1009867
4924,2.5825665
4137,2.5161145
1804,2.4763029
4923,2.463213
4088,3.25557
1802,2.5106976
4893,2.6979043
4743,2.4682937
4919,2.4696062
4920,2.4403598
4917,2.4472945
4918,2.3943872
4916,2.5589073
4913,2.42939
3078,2.894346
47,2.5693145
4907,2.987647
4903,2.4409785
4899,2.4890215
2124,2.4587142
4882,2.6210027
2759,2.5346622
4875,2.3665082
5193,2.6143167
5194,2.6585176
3556,3.2820892
2218,2.3691375
1574,2.5760672
1575,4.1267343
1577,2.9465024
3066,2.8918111
3067,2.6416905
3987,3.677488
311,5.2618766
312,2.6204064
341,3.3088424
342,3.466265
182,2.8547628
340,2.635094
4809,2.4719844
310,2.5442533
1710,2.5284238
318,2.4197881
338,2.47019
316,3.4702866
317,2.5892
337,2.443974
335,2.9598527
336,3.2399247
333,2.5607836
200,2.6652467
334,2.8548775
328,2.5931916
329,2.944133
330,3.1741447
331,2.6604736
332,2.6764708
315,2.5448093
326,3.0266685
3814,2.756799
327,3.1373715
313,2.4800181
314,2.459434
325,2.7350826
323,2.3990347
324,2.542401
321,2.4372013
322,2.882974
3945,3.0811152
320,2.6162019
4912,2.4773762
3970,3.3596554
2808,2.5308344
2809,2.6187284
2806,2.4688284
2807,2.459848
2804,3.2167125
2805,3.0135412
2810,2.806752
2811,3.3848138
2995,2.5416446
2996,3.1126652
4442,2.7478955
3089,2.606073
2335,2.6639695
3088,2.4392607
4060,2.548845
938,2.3865085
3103,2.4688032
112,3.969746
2896,2.5886793
630,2.648091
292,2.8536618
3098,2.9256954
3099,2.5206296
268,2.8844302
1797,2.6906388
4628,2.5490284
4629,2.4777458
4616,2.4782174
4617,2.5279117
217,2.6304498
3549,2.5674086
1597,3.8049753
3613,2.4736598
2907,2.7867064
2908,2.5487187
4977,2.4856653
3097,4.2220163
3129,3.29354
3130,2.8842592
3131,2.6135433
3132,2.6263452
3133,2.609085
3134,3.1462982
3135,2.3990092
3136,3.9620478
3137,2.9136171
3138,2.626383
3139,2.5393589
3140,2.6668231
3141,2.5228584
3142,2.3966005
3143,2.607826
3144,2.5305622
3963,2.5644352
3145,2.561273
3146,2.5428116
3552,2.613432
1121,2.5003285
5162,2.4949198
353,2.5634284
119,2.455686
1398,3.9499872
1056,2.5438704
1252,2.570172
2397,2.6088927
358,2.4909308
2253,2.4055479
2252,3.2416663
898,2.46762
1726,2.5800824
2673,4.340743
3723,2.5052855
3161,2.7469873
3164,2.4823964
3165,2.6106453
3166,2.6969721
3167,3.037161
3176,2.8237836
1428,3.9901152
4532,2.505629
57,2.4115577
3179,2.5092795
3180,2.8749142
907,2.697432
5219,2.4433162
5220,2.787699
5218,2.478049
4563,2.8920434
276,2.4312725
3196,2.4130464
3195,2.466033
967,2.5098948
814,2.898171
3462,2.5002966
5128,2.50825
815,2.6218314
3265,2.479274
4289,2.470965
3264,3.317257
4187,2.6905823
3461,2.4578688
4515,2.7128496
3460,2.4890697
3262,3.2860227
3263,7.417323
4063,2.6948683
4201,2.4952462
2764,2.5226655
5261,2.5831456
3458,2.7364779
3459,2.4922345
153,3.5303462
4717,2.4826698
1206,2.5609
2679,2.4854867
3261,3.081106
3182,2.4401746
3752,3.3662202
4715,2.4723833
5198,2.551911
3457,3.0829868
2899,2.8015
3455,2.504579
226,2.6835382
3456,2.7325864
2149,3.0071895
1594,2.625006
3645,2.6189132
3454,3.3814516
1012,2.7990994
3259,3.406809
3260,2.5749698
5005,2.5476582
2293,2.6044657
4697,2.473496
2289,2.463959
4714,2.8088596
3453,2.477391
2037,2.796812
4713,2.485248
1068,2.4184659
3451,2.8012712
805,2.4498782
3452,2.6692278
3204,2.442394
5089,2.6002214
4593,2.6643171
4508,2.490695
1174,2.8279917
1151,2.489329
4711,2.947815
3450,3.0291722
2327,2.7568853
2340,2.7564554
1985,2.455427
3449,2.4311626
2988,2.412636
3448,2.5037122
1487,2.792843
4135,2.518426
270,2.8482969
3447,2.8827443
525,2.4966238
4118,2.8223155
3446,2.9121542
3444,3.0169492
3445,2.7155654
3258,2.812086
2879,4.686315
3442,2.8634245
1430,2.4856625
3659,2.58385
3257,2.5888047
3441,2.7541492
1706,2.468513
803,2.532534
589,2.4051728
3256,2.6914132
2668,2.6331086
4707,2.7045078
2139,2.587062
2399,2.495852
3255,2.510802
4015,3.0136142
4745,2.6101754
3440,2.6313875
4117,2.7958581
198,2.5276287
3991,2.8025663
3439,2.7756686
1528,2.4926662
4260,2.726914
4778,2.6696079
3949,2.3921347
2040,2.5321867
3796,2.8858387
3438,2.870182
3437,3.508687
3764,2.4454253
1495,2.7737386
4797,2.5103662
3253,2.511434
3254,2.8620756
3858,2.3901439
3252,2.4364808
860,2.9330485
3436,3.1143465
801,2.4239001
3251,2.8530319
4541,2.4719806
3435,2.5606074
3250,2.9035974
2032,2.455737
3542,2.481512
3433,3.9324143
3434,2.6043892
3249,2.5385606
2435,2.7404668
3152,2.4203317
1705,2.8669355
3432,3.1621575
4701,2.7883303
4848,2.3840058
4549,2.7227192
3248,2.639271
1508,2.5672085
3431,2.3940456
3429,2.7222438
3430,3.207507
1205,2.8901439
3427,2.5059996
3428,3.5177338
3425,3.1945646
3426,2.6282802
3424,2.5314364
3422,3.5221622
3423,2.734307
3247,2.485997
2553,3.0633876
3245,2.9124677
3246,2.8687105
5088,4.1316257
4733,2.415422
1224,2.4889004
2093,2.5083418
1441,3.3502653
3828,2.4716198
1127,2.537553
3421,2.7631083
3420,2.7663493
4596,2.7842803
1194,2.7269394
3485,2.4373338
3244,2.6303036
3418,2.8767989
5085,2.7791333
3419,4.1007724
4518,2.5624754
3417,2.5840502
2090,2.6722183
38,2.552705
3415,2.520157
3416,2.4869502
165,2.6051638
3413,2.6859553
3414,3.0026312
2330,2.4872835
3789,2.9695582
3412,2.5853176
4250,2.4793503
678,2.9728
3410,2.6208127
2519,2.6103878
3411,2.6463344
3241,2.978726
3242,2.560391
3243,2.4912243
3409,2.4861858
1942,2.7921162
2544,2.6253943
3240,2.6328824
3408,2.455961
4509,2.9873657
3407,2.5557373
3068,2.84934
2550,2.352193
3406,2.4983184
2023,2.5028155
5080,2.7578046
5257,2.8344676
2251,3.395104
3027,2.8392155
2089,2.5047715
3404,2.529179
3405,3.2920895
1787,2.5077698
3403,3.3228855
2497,3.343934
2021,2.3845627
2688,3.1887913
1801,2.6276734
5079,3.126262
736,2.5123003
3402,2.5960996
3400,3.2815483
3401,3.1494675
1922,2.6584945
3399,2.5894952
5077,2.4991248
3398,2.6766875
191,2.9592788
4144,2.8444538
3534,2.5136824
3907,2.4888635
1560,2.522856
3239,2.6259427
3395,2.916894
756,3.93875
1429,2.6564858
3396,2.4457858
541,2.8652098
3397,2.3881865
3923,2.717441
5140,2.9882305
565,3.537209
3394,2.4161532
1064,2.3696146
4008,2.7385166
294,2.4783013
3393,3.2054253
1054,2.8343287
3800,2.732958
1281,2.4792361
3391,2.421804
3392,3.427885
1973,2.7883437
2660,3.9989743
2019,2.6134012
1740,2.559103
4610,2.8883328
269,3.5356114
3238,4.41989
4114,2.564511
143,2.9360409
3237,3.0042992
1388,2.634258
4760,2.4524827
3390,2.6658115
3922,2.511532
2254,2.5766215
3389,2.6270869
787,5.3517504
3387,2.4829926
3388,2.5594473
1798,2.5290866
3386,2.5393062
515,3.4578745
3385,2.4822204
4562,2.981027
3384,2.5646563
1840,2.509183
3383,2.6558666
4032,2.4919837
4132,3.4137332
3381,2.427133
4140,2.623014
3382,3.4416134
3378,3.0188289
3379,2.830815
4030,2.4847243
3380,2.4429924
207,2.3600132
954,2.9250045
4069,2.6464508
2078,2.6106985
3236,2.7853634
3377,2.65827
3235,2.5831213
3375,2.7030885
3376,3.326838
3233,8.758706
3234,3.9175012
78,2.5234265
2871,3.33234
2424,2.4241228
3163,2.4346852
3232,2.7945416
789,2.4758675
1622,3.7356918
1864,2.4164412
3374,2.8649716
139,2.437928
3372,2.5622656
4474,3.0019026
3373,2.8543959
2884,2.4935367
160,2.4740329
1636,2.841927
5060,2.5162
4338,2.770933
2260,2.5392454
3371,2.5932744
1968,2.7952065
3231,2.8141782
3370,2.570809
1788,3.016821
3368,2.9447758
4208,2.5053732
3369,3.1448376
2754,2.5349562
3365,2.8779788
3366,2.8525584
3676,3.380707
3367,2.5653703
2221,3.178367
3362,2.6645942
3363,2.7742515
3364,2.7257147
0,3.0155396
3361,3.0802112
61,4.204076
4763,2.9536664
2656,2.6391563
1159,2.7768152
2429,3.1996713
3359,3.5584214
3360,2.3842034
2163,2.5560575
5241,2.394328
841,2.8322444
4136,2.533688
3230,2.8060696
3358,2.6296434
3228,4.248898
3229,3.7878115
3355,2.841896
3356,3.055146
3357,2.6975627
3353,4.4104075
3354,2.7172356
784,2.3976398
3226,2.4775405
3227,2.478346
1431,2.6884015
3351,3.3523495
3352,2.6479964
4684,2.5039303
3350,2.5408993
3349,2.4305325
3612,2.6688879
4687,2.598559
4423,2.9747677
3348,3.7679858
1166,3.6918547
1816,2.555209
2889,2.5333302
235,2.4477851
2675,2.6176026
3347,2.627866
1734,2.4323123
3944,2.9093914
4655,2.949923
950,3.2329001
2999,2.536776
3202,2.5383127
3203,2.6326554
4990,3.3888135
812,2.607955
836,2.561158
4607,2.4944682
1167,2.6264064
3346,2.4891484
1876,2.5739775
3201,2.5403965
137,2.8684466
5029,2.5243297
3345,2.814576
3225,2.5850718
4278,2.6442416
2500,2.4636903
3082,3.112747
3344,2.3862784
804,4.2172685
3223,2.5112498
3224,2.4658282
3463,3.841651
2150,3.0552547
3343,2.4403837
3341,2.4941459
3342,4.2165756
4380,2.4821608
3340,3.212533
1280,2.4535537
4582,3.0862243
3339,2.4877098
3337,2.426363
3338,7.112688
3335,2.510709
4466,3.0251765
3336,3.0366282
3636,5.089612
1459,2.4439611
2006,3.424875
2168,2.613075
840,2.8805447
2687,2.692199
3333,2.5166879
3332,2.759403
2701,3.7111316
3222,2.4601111
3331,2.5729175
265,2.3887675
4680,9.185135
2766,2.5820172
1960,2.7364073
2652,2.4594853
2915,2.4416761
2394,2.4843042
3328,3.2467806
3177,2.4829328
3329,2.7827415
3330,2.6244357
1957,3.7460396
3221,2.873527
3326,3.1323705
3327,2.46516
2741,2.832785
1769,2.467825
1069,2.569549
133,2.9102707
3323,4.926563
3325,3.2060802
4609,2.4853082
3322,2.4944403
3321,2.5050023
132,2.518493
871,2.5854867
672,3.1706514
3319,2.5995846
3320,2.5412998
273,2.615787
4339,2.7072513
3318,2.5146313
1162,2.9099088
1857,2.7610707
3200,2.6081357
1422,2.7731628
4677,2.8051002
598,3.2328324
3317,2.4433243
123,2.5541503
3315,2.513938
4174,3.1976287
3316,3.0859418
684,2.6105032
3219,2.6895797
3220,4.3001
3314,2.5150661
3093,2.57222
1931,2.5816226
3312,5.437181
4343,2.515312
3313,2.5806043
3658,2.4902365
3218,3.2788658
3311,2.6765714
3216,2.5055819
3217,4.1224484
3309,4.3377957
3310,2.473083
4753,2.8998914
3215,3.1583397
4603,3.2941732
3757,2.6615329
4355,2.9274328
2158,3.1080756
3307,3.1674778
1551,2.4390173
3308,2.948513
4331,2.419002
3306,2.8234966
352,2.824094
1953,2.5518425
4359,3.7534857
2874,2.459673
3829,2.8070126
3095,2.507803
5249,4.186571
3214,2.5100608
831,2.7771833
3305,2.9250536
3304,2.6975236
4832,2.5234673
5025,2.5948765
2000,2.53399
3303,3.0434444
3213,2.7338178
3300,3.1586246
3301,2.69107
3302,2.9522455
3298,2.5692866
824,2.5859528
3299,2.5248687
3212,2.8439875
2676,2.8143451
3297,2.5428855
1231,2.747891
1533,2.4127216
2699,2.450809
3046,2.5769475
920,2.4778528
3296,2.5083816
2868,2.543632
5014,3.1717963
3295,3.025333
1873,2.5141802
1419,2.3635747
3211,2.4956806
1928,2.4460537
3294,2.8450484
4414,2.5239174
3293,2.5103228
23,2.4250283
4406,3.3829713
3292,3.2533655
2683,2.9626
3210,3.070301
3291,2.4532015
4829,2.4753318
127,2.680776
3289,2.599039
653,2.56662
3290,2.4948351
3288,2.5495493
4245,2.8782918
3286,2.6649337
675,2.451987
3287,3.2156904
2172,2.5772092
3285,3.1503646
1449,2.614023
1855,2.7541213
3283,2.532425
3284,2.5379174
2443,2.740444
2427,2.7938497
3282,2.5388196
1994,2.5427053
3281,3.1696472
751,2.6067097
2153,2.562355
3280,3.665674
5066,2.69735
3209,2.487171
697,4.2002764
1823,3.8198826
3279,2.7955663
3162,2.814704
4656,2.7601206
956,2.535747
3867,2.5783544
3208,2.477643
222,3.1358788
3277,2.7198975
3278,2.575375
1448,2.5151148
3276,2.5522163
5119,2.9742827
3275,2.5641828
3622,3.0108929
4600,2.6735106
53,3.918257
4104,2.4491363
3273,2.4920456
3274,3.1903176
3207,2.8684165
3272,2.7910814
3271,3.04381
4615,2.521095
5225,5.5282674
1770,2.89243
3269,2.5126882
3270,3.2809143
2052,2.6888244
3268,2.4182951
4667,3.6597185
683,2.4193223
3206,4.5393176
2060,3.1481633
5186,2.9651978
1991,2.3689384
4505,2.4277446
2049,2.856054
4482,3.2374904
19,2.512265
4481,2.4689112
4213,2.4183934
3060,2.4716613
3266,2.6456206
2737,2.4116256
2358,2.7449667
3205,3.0622463
1789,2.894169
1790,2.5354016
319,2.8371427
4138,2.5833488
3486,2.772289
3487,2.470958
3488,3.1120136
4277,2.8925443
3745,2.590715
4079,2.5393775
4915,2.8566186
3493,2.6179755
3494,3.0540047
3502,2.6870322
3503,3.2883687
2386,2.6222744
2387,2.4248948
3506,2.7974846
3507,2.4995863
5187,2.4884236
5188,2.5129964
32,3.295985
3508,2.929906
1385,2.5753677
3512,2.4578886
1050,3.124663
3511,3.6359422
1535,3.0524545
3937,2.731636
5078,3.121666
732,2.602911
3491,2.61382
2594,4.8435264
877,2.4526823
1609,2.4408367
3517,3.8508232
3518,2.6772146
4416,2.4751663
3516,3.1227317
5018,2.6260517
3860,2.9954467
3515,2.7405796
3520,3.324493
80,2.8032653
1454,2.9989362
3775,3.0686858
825,2.880394
3519,2.450775
1241,2.4402506
2321,2.3826342
1300,3.3051982
3975,2.6858957
3102,2.6884737
3522,3.6297987
1376,3.0609362
4536,2.600724
2325,3.1404047
3523,3.321468
3524,2.5137665
3525,2.5517898
3526,2.6440718
3527,4.7500205
2620,2.4004426
2621,2.5970669
1382,4.085511
3021,2.8083327
260,2.6161304
3854,2.7778208
267,2.7902253
4909,2.5309849
266,2.5843506
264,3.1337183
1119,2.4192243
2249,2.414233
3147,2.7460659
3148,2.854706
3530,2.6219075
3531,2.5896382
3532,2.3974676
3533,2.7878134
51,7.1395907
4569,3.2452817
3996,3.812376
3513,2.523699
3514,2.4403265
3540,2.7123606
4316,2.5314744
3541,2.448315
1405,7.0530453
3546,2.5450172
3888,2.5542
2356,3.892078
252,3.011176
3547,2.5967078
3558,2.6118762
3882,2.5349624
3710,5.678264
3100,2.622598
3561,2.8311296
3569,2.3989284
3883,2.5308583
3570,2.8699896
2965,2.7319446
2357,2.459693
1518,2.6254597
585,2.480271
1635,2.477232
913,2.4112504
1892,3.2481327
3101,2.9314427
5189,2.807738
668,2.4922254
3953,2.4609818
1439,2.5464945
1286,2.6491642
1856,2.4553003
3568,2.559041
1702,2.5657246
4120,2.7083204
4169,2.5773668
3567,2.530531
4319,2.7174444
3992,2.4086218
4439,2.53212
1920,2.489538
3566,2.5656273
3875,2.5543265
1822,2.4548035
2225,2.4292123
1845,3.0033877
1859,2.4614115
720,2.5653617
1248,2.6812394
2863,2.5919483
4000,2.8867683
3565,2.4693186
2181,2.456129
223,2.761445
3153,2.6403732
3564,3.7651587
3687,2.432269
3563,2.5280504
4428,2.4098165
1254,2.4836981
4690,2.9030926
741,2.8309062
2994,2.7524078
4054,2.4386394
3819,2.553293
2263,2.6554084
3559,2.4697797
3560,3.0910032
4838,4.266096
3562,2.4787745
3005,2.512441
1161,3.6644735
3482,2.583126
1314,2.519821
750,2.423322
2976,2.9342341
3498,2.5183463
3499,2.5254
3500,3.1948745
3501,2.633394
291,2.427423
295,2.8643975
3925,2.427393
5051,2.6879513
3581,2.8110557
3579,3.2330582
3580,2.4458747
4976,2.4364223
354,2.4523256
3595,3.1986399
3596,2.4813955
3597,3.1507094
